Date,Close,High,Low,Open,Volume,Log_Ret,Volatilidad,RSI_14,MACD_12_26_9,MACDh_12_26_9,MACDs_12_26_9,SMA_50,SMA_200,MA_short,MA_long,signal,signal_change,ret,strategy_ret,cum_strategy,cum_buyhold
2020-01-02,9691.2001953125,9705.400390625,9615.099609375,9639.099609375,142379600,0.01476087559459533,0.007711876805131747,62.37748446771103,91.00745251607441,3.967993179572545,87.03945933650186,9399.66603515625,9213.933496093749,9691.2001953125,9691.2001953125,0,0.0,0.0,0.0,1.0,1.0
2020-01-03,9646.599609375,9650.7001953125,9581.2001953125,9631.2001953125,135130000,-0.004612796230367542,0.007811314886834122,58.91824851741636,88.03308574917355,0.7949011301373332,87.23818461903622,9404.994023437499,9215.38849609375,9668.89990234375,9668.89990234375,0,0.0,-0.004602173625416706,-0.0,1.0,0.9953978263745833
2020-01-06,9600.900390625,9618.2001953125,9492.7001953125,9585.400390625,103520400,-0.004748596401947969,0.007445295511330241,55.52074062286894,81.05399364406003,-4.94735277998096,86.00134642404099,9409.31203125,9217.39599609375,9646.2333984375,9646.2333984375,0,0.0,-0.004737339643037242,-0.0,1.0,0.9906822887911059
2020-01-07,9579.7998046875,9657.900390625,9557.900390625,9623.099609375,133476100,-0.0022001902156519857,0.007421908216960677,53.97314049000771,72.97911412915346,-10.417785835910024,83.39689996506348,9413.072031250002,9219.39549316406,9629.625,9629.625,0,0.0,-0.002197771571310514,-0.0,1.0,0.9885049954206
2020-01-08,9591.400390625,9604.2998046875,9520.2998046875,9535.099609375,133957600,0.001210209818391611,0.006743546907210424,54.72040801014738,66.746373625263,-13.3204210718404,80.0667946971034,9416.296035156252,9221.436997070312,9621.980078125,9621.980078125,0,0.0,0.0012109424177970673,0.0,1.0,0.9897020180497591
2020-01-09,9581.7998046875,9644.7998046875,9573.7998046875,9629.2001953125,151793500,-0.0010014589783746742,0.006694241127070924,53.939899942408786,60.33667123403393,-15.784098770455586,76.12077000448951,9419.27203125,9223.196494140624,9615.283365885416,9615.283365885416,0,0.0,-0.0010009576856873093,-0.0,1.0,0.988711368208252
2020-01-10,9573.599609375,9623.599609375,9557.900390625,9611.2998046875,132894500,-0.0008561759153297273,0.006618869879248567,53.24136459365961,53.97308060362411,-17.71815152069233,71.69123212431644,9422.74203125,9225.190991210937,9609.328543526786,9609.328543526786,0,0.0,-0.0008558095013098121,-0.0,1.0,0.9878652196252864
2020-01-13,9543.900390625,9586.599609375,9507.400390625,9586.599609375,124149000,-0.0031070215919430867,0.006516126789159011,50.681408932925656,46.003115159814115,-20.550493571601862,66.55360873141598,9427.930039062501,9226.708994140625,9601.150024414062,9601.150024414062,0,0.0,-0.003102199795458005,-0.0,1.0,0.9848006643430247
2020-01-14,9528.2998046875,9548.400390625,9466.0,9548.099609375,143774600,-0.0016359506776465072,0.00630484542887143,49.33939310867936,37.99009702894,-22.850809361980787,60.840906390920786,9433.34603515625,9227.641992187499,9593.055555555555,9593.055555555555,0,0.0,-0.0016346132397635493,-0.0,1.0,0.9831908961385617
2020-01-15,9511.7001953125,9530.2001953125,9475.0,9521.2001953125,161995000,-0.001743656888729355,0.005888089335481503,47.88640249062489,29.954970428922024,-24.708748769599012,54.663719198521036,9437.0200390625,9228.382993164061,9584.92001953125,9584.92001953125,0,0.0,-0.0017421376022229706,-0.0,1.0,0.9814780423082354
2020-01-16,9572.5,9579.5,9481.599609375,9516.7001953125,133841500,0.006371764052773285,0.00536509831793263,53.309937650936774,28.168403005927757,-21.19625295407463,49.36465596000239,9440.14203125,9228.806494140623,9583.79092684659,9583.79092684659,0,0.0,0.0063921069250545415,0.0,1.0,0.9877517548992629
2020-01-17,9681.2998046875,9709.900390625,9611.2998046875,9616.099609375,159823200,0.011301765248527535,0.005775041564968143,61.10972907271105,35.12684995152085,-11.390244806785233,46.51709475830609,9445.61001953125,9229.542495117186,9591.916666666666,9591.916666666666,0,0.0,0.011365871474275258,0.0,1.0,0.9989784143939378
2020-01-20,9658.7998046875,9680.900390625,9623.099609375,9676.599609375,99959200,-0.002326772933486143,0.005805031125193213,58.91771413220948,38.383446846766674,-6.506918329231532,44.890365175998205,9450.818007812499,9230.284995117185,9597.0615234375,9597.0615234375,0,0.0,-0.002324068095598708,-0.0,1.0,0.996656720532853
2020-01-21,9611.2998046875,9620.7001953125,9550.0,9593.400390625,126448800,-0.004929927417802726,0.005916358215805287,54.47521000776214,36.70831966387959,-6.545636409694893,43.253956073574486,9454.0980078125,9231.152993164062,9598.078543526786,9598.078543526786,0,0.0,-0.004917795270686476,-0.0,1.0,0.9917553668261186
2020-01-22,9573.7001953125,9632.7998046875,9557.0,9622.0,134567800,-0.003919693251499154,0.00579620972817997,51.18517477993201,31.9781706141639,-9.020628367528474,40.998798981692374,9457.698007812502,9231.982495117189,9596.4533203125,9596.4533203125,0,0.0,-0.0039120212811031285,-0.0,1.0,0.9878755987254466
2020-01-23,9518.5,9604.7001953125,9499.2998046875,9549.400390625,169141000,-0.005782502651345658,0.0059108485460173206,46.7236776425564,23.504355400835266,-13.995554864685687,37.49991026552095,9460.2980078125,9232.542495117188,9591.581237792969,9591.581237792969,0,0.0,-0.0057658161616056525,-0.0,1.0,0.9821796896326596
2020-01-24,9562.0,9639.900390625,9552.5,9576.7998046875,154731100,0.004559636840205338,0.006026253876101082,50.39321124032625,20.06755595562572,-13.945883447916188,34.01343940354191,9465.40400390625,9233.125493164063,9589.841164981617,9589.841164981617,0,0.0,0.0045700478016494905,0.0,1.0,0.98666829776409
2020-01-27,9366.2998046875,9482.7998046875,9357.7998046875,9447.099609375,164515500,-0.020678790058700425,0.007418199756502001,37.78436293042477,1.5348051294004108,-25.9829074193132,27.51771254871361,9468.84,9232.614492187502,9577.422200520834,9577.422200520834,0,0.0,-0.020466450043139517,-0.0,1.0,0.9664747003387518
2020-01-28,9484.2001953125,9488.0,9363.7998046875,9401.7998046875,154919400,0.012509156577517022,0.007852587290346493,46.473573200949524,-3.5974876347845566,-24.892160146798535,21.294672512013978,9475.0580078125,9232.54999511719,9572.515779194078,9572.515779194078,0,0.0,0.012587723336166867,0.0,1.0,0.9786404164780208
2020-01-29,9546.7001953125,9574.2998046875,9510.7001953125,9532.7001953125,187145800,0.006568288774262887,0.007880660746352465,50.42617142953698,-2.5917627333947166,-19.109148196326956,16.51738546293224,9480.76400390625,9232.796997070314,9571.225,9571.225,0,0.0,0.006589907289271446,0.0,1.0,0.9850895660921449
2020-01-30,9477.900390625,9528.400390625,9439.2998046875,9460.7998046875,164094200,-0.007232751542059701,0.007217153739864392,46.36718997355686,-7.262569378506669,-19.023963873151125,11.761394494644458,9485.162011718749,9232.437500000002,9566.780970982143,9566.780970982143,0,0.0,-0.007206658141551525,-0.0,1.0,0.9779903623505095
2020-01-31,9367.900390625,9545.099609375,9365.099609375,9519.2998046875,303553700,-0.011673820655306654,0.007561855499213566,40.72312126533716,-19.614197725777558,-25.100473776337616,5.486276050560056,9487.336015624998,9231.3675,9557.740944602272,9557.740944602272,0,0.0,-0.01160594598660325,-0.0,1.0,0.966639859029651
2020-02-03,9404.7001953125,9431.599609375,9361.5,9404.400390625,168665700,0.003920591785525959,0.007612077174256386,43.21349302281734,-26.132278846420377,-25.294843917584345,-0.8374349288360312,9490.92201171875,9230.755000000001,9551.086998980978,9551.086998980978,0,0.0,0.003928287359281413,0.0,1.0,0.9704370981688547
2020-02-04,9562.900390625,9577.2998046875,9462.400390625,9465.900390625,174133900,0.016681484105973775,0.008570209761550152,52.46011613726239,-18.321275211210377,-13.987072225899476,-4.334202985310901,9497.90001953125,9231.2875,9551.579223632812,9551.579223632812,0,0.0,0.016821396963972335,0.0,1.0,0.9867612058257184
2020-02-05,9717.7998046875,9721.900390625,9540.2001953125,9553.400390625,221922900,0.016068166116049717,0.009301466159148689,59.42650705952375,0.363894857955529,3.758478274613144,-3.394583416657615,9507.162011718749,9232.370498046876,9558.228046875,9558.228046875,0,0.0,0.016197953312820923,0.0,1.0,1.0027447177685862
2020-02-06,9811.2998046875,9816.2001953125,9757.0,9767.099609375,248416700,0.009575527422430787,0.00950089916554422,62.95527144139824,22.457815626015872,20.68191923413879,1.7758963918770823,9516.99,9233.896997070315,9567.961576021635,9567.961576021635,0,0.0,0.009621519467287065,0.0,1.0,1.012392645591316
2020-02-07,9811.0,9816.2001953125,9761.7998046875,9789.2998046875,179586900,-3.0557548351383464e-05,0.009493361242943432,62.93637006433486,39.488021943572676,30.169700441356476,9.318321502216202,9526.71400390625,9235.365996093751,9576.962999131945,9576.962999131945,0,0.0,-3.0557081474258396e-05,-0.0,1.0,1.0123617098267605
2020-02-10,9816.0,9820.400390625,9773.5,9790.599609375,132132500,0.0005095022273565344,0.009440806280710217,63.13515798503691,52.779630631759574,34.76904730363469,18.010583328124877,9535.78,9236.592998046877,9585.500034877232,9585.500034877232,0,0.0,0.000509632045663011,0.0,1.0,1.0128776417958905
2020-02-11,9882.599609375,9884.0,9817.7998046875,9863.400390625,167628300,0.006761888099395258,0.009485059448589971,65.76876499258279,67.90459624208597,39.91521033116887,27.9893859109171,9546.2519921875,9238.91499511719,9595.744847790947,9595.744847790947,0,0.0,0.006784801281071617,0.0,1.0,1.019749815317516
2020-02-12,9940.400390625,9946.599609375,9888.599609375,9897.900390625,199830200,0.005831705096211372,0.009486285742558515,67.91134392615439,83.59168750382742,44.48184127432825,39.10984622949917,9558.02,9241.568999023439,9607.233365885417,9607.233365885417,0,0.0,0.005848742591490597,0.0,1.0,1.0257140694950282
2020-02-13,9909.7998046875,9910.099609375,9794.2998046875,9893.900390625,161753500,-0.0030831538097104063,0.009503243483652975,65.57137926475565,92.48845941469335,42.702890548155345,49.78556886653801,9573.089999999998,9244.462998046876,9616.99357358871,9616.99357358871,0,0.0,-0.0030784057719003277,-0.0,1.0,1.0225565053831753
2020-02-14,9956.7998046875,9969.7001953125,9905.2001953125,9910.900390625,127061800,0.004731568422318531,0.009265592796513365,67.427761398655,102.15415296976244,41.89486728257954,60.259285687182896,9589.5119921875,9248.071499023437,9627.612518310547,9627.612518310547,0,0.0,0.004742779967943367,0.0,1.0,1.0274062658929968
2020-02-17,10022.2001953125,10022.2001953125,9955.2001953125,9979.2001953125,105784200,0.00654693670616162,0.009290020489838222,69.86286211461439,113.77996508732576,42.816543520114294,70.96342156721147,9604.539999999999,9252.047499999999,9639.56972064394,9639.56972064394,0,0.0,0.006568414742476936,0.0,1.0,1.0341546963564014
2020-02-18,10005.7998046875,10041.5,9967.7998046875,9977.400390625,184042000,-0.0016377465838605272,0.0091922797831529,68.4802723636483,120.28357629667153,39.456123783568046,80.82745251310348,9619.78798828125,9256.600498046875,9650.341193704044,9650.341193704044,0,0.0,-0.001636406208755492,-0.0,1.0,1.0324623991904702
2020-02-19,10083.599609375,10100.2001953125,10020.7001953125,10042.0,151866100,0.007745397662263961,0.009166191541688953,71.37435688123846,130.21449740389107,39.509635912630074,90.704861491261,9633.805976562498,9261.43099609375,9662.720005580357,9662.720005580357,0,0.0,0.007775470847523058,0.0,1.0,1.0404902804765395
2020-02-20,9931.0,10050.2998046875,9931.0,10048.7001953125,178849000,-0.01524912508016859,0.009841113315945227,59.78005368612323,124.33801949041481,26.90652639932304,97.43149309109177,9645.333984375,9265.851997070313,9670.17222764757,9670.17222764757,0,0.0,-0.01513344592075272,-0.0,1.0,1.024744077085879
2020-02-21,9886.2001953125,9946.400390625,9843.5,9893.0,194954500,-0.004521312855843884,0.009931757803882522,56.85983470188828,114.7432102726998,13.849373745286414,100.89383652741338,9656.635996093752,9269.644999999999,9676.010821368243,9676.010821368243,0,0.0,-0.004511107107793788,-0.0,1.0,1.0201213467960673
2020-02-24,9483.5,9676.7998046875,9459.599609375,9649.7998046875,256063800,-0.041586418623137604,0.013025945907608062,38.60456694585617,73.79406256696711,-21.679819168357028,95.47388173532414,9658.455996093751,9271.177001953125,9670.94474712171,9670.94474712171,0,0.0,-0.040733566725003056,-0.0,1.0,0.9785681658487496
2020-02-25,9250.7998046875,9518.900390625,9248.0,9507.0,263346200,-0.024843433284199315,0.013881520495105014,32.175998917731555,22.307460464133328,-58.53313701695265,80.84059748108598,9654.101992187501,9270.909501953125,9660.171799879809,9660.171799879809,0,0.0,-0.024537374947276813,-0.0,1.0,0.9545566718518499
2020-02-26,9316.7998046875,9362.7998046875,9030.7001953125,9213.0,299256300,0.007109187979202931,0.01389806289867229,35.45879926677212,-13.020304265597588,-75.08872139734686,62.06841713174927,9649.163984375002,9271.093002929689,9651.5875,9651.5875,0,0.0,0.007134518246363575,0.0,1.0,0.961366973844365
2020-02-27,8985.900390625,9204.400390625,8877.400390625,9182.2001953125,341792600,-0.03616247550230532,0.015915917617163298,28.11211559533505,-66.94690733501011,-103.21225957340751,36.2653522383974,9635.27,9270.024003906252,9635.351229039634,9635.351229039634,0,0.0,-0.03551642420136758,-0.0,1.0,0.9272226565881234
2020-02-28,8723.2001953125,8818.599609375,8582.7001953125,8748.099609375,497983900,-0.029670560164910865,0.016928562876038313,23.881711581104117,-129.3903081426979,-132.52452830487624,3.1342201621783374,9617.41599609375,9267.44450683594,9613.633347284227,9613.633347284227,0,0.0,-0.029234710367652794,-0.0,1.0,0.900115570776444
2020-03-02,8741.5,8913.5,8541.099609375,8910.2001953125,355485000,0.0020956341855391603,0.016890966497752312,24.731425532124202,-175.37885360792097,-142.81045901607945,-32.56839459184153,9599.81,9264.991005859378,9593.35117641715,9593.35117641715,0,0.0,0.002097831561556296,0.0,1.0,0.9020038616298671
2020-03-03,8811.599609375,9014.2998046875,8776.400390625,8860.2001953125,351219900,0.007987191277091932,0.016446011472021935,28.04501315494042,-203.81915425180887,-137.00060772797386,-66.81854652383501,9583.69798828125,9263.479003906252,9575.584095348011,9575.584095348011,0,0.0,0.00801917398329799,0.0,1.0,0.9092371875298837
2020-03-04,8910.0,8963.7001953125,8745.900390625,8827.7998046875,321258300,0.011105250550059443,0.016160797380890053,32.534846191665835,-215.92911186594574,-119.28845227368858,-96.64065959225717,9568.387988281253,9262.156005859375,9560.793337673611,9560.793337673611,0,0.0,0.011167142742199543,0.0,1.0,0.919390768989546
2020-03-05,8683.0,8962.5,8639.900390625,8960.7998046875,342803500,-0.025807150404209864,0.01649068175815838,28.1682513400748,-241.06450188424606,-115.53907383359112,-125.52542805065494,9548.855996093751,9259.489003906252,9541.710873811142,9541.710873811142,0,0.0,-0.02547699214365884,-0.0,1.0,0.8959674575910469
2020-03-06,8375.599609375,8542.0,8310.400390625,8532.599609375,345901100,-0.036044420780934616,0.017713042397775217,23.557367878628874,-282.5322659440644,-125.6054703147276,-156.92679562933682,9523.131992187498,9255.408002929691,9516.899995844415,9516.899995844415,0,0.0,-0.03540255564033168,-0.0,1.0,0.8642479198217533
2020-03-09,7708.7001953125,8022.89990234375,7621.39990234375,7884.0,598769200,-0.08297308379429522,0.02425364988571522,17.04041012425967,-365.0014672159268,-166.45973726927198,-198.54172994665484,9483.295996093748,9248.549003906253,9479.229166666666,9479.229166666666,0,0.0,-0.07962408008568411,-0.0,1.0,0.7954329742399802
2020-03-10,7461.5,8007.7001953125,7440.60009765625,7815.60009765625,506034000,-0.03259312011389262,0.024240710962092023,15.345761220358597,-445.1742021152113,-197.30597773484516,-247.86822438036614,9440.274003906248,9240.067504882816,9438.051020408164,9438.051020408164,0,0.0,-0.03206768833256968,-0.0,1.0,0.7699252775326035
2020-03-11,7436.39990234375,7717.10009765625,7364.60009765625,7589.2998046875,369150100,-0.003369618747654995,0.023928805387103166,15.180678295861886,-504.9166751158282,-205.63876058836962,-299.27791452745856,9398.017998046875,9232.228503417971,9398.017998046875,9398.017998046875,0,0.0,-0.0033639479536621275,-0.0,1.0,0.767335288970775
2020-03-12,6390.89990234375,7077.7001953125,6347.0,7040.7998046875,723609100,-0.15151175938011657,0.03867286546973566,10.239536435551496,-629.3711291748223,-264.07457171789093,-365.29655745693134,9332.011992187501,9219.069003906252,9332.0119921875,9339.054898131128,-1,-1.0,-0.14059222388920845,-0.0,1.0,0.6594539142257053
2020-03-13,6629.60009765625,7140.5,6468.2998046875,6763.7001953125,473165800,0.036669397021419574,0.04045037602272781,16.89072215872226,-700.6642484932663,-268.29415282906797,-432.37009566419835,9271.672001953126,9206.629006347659,9271.672001953126,9286.949998121996,-1,0.0,0.03735001313742381,-0.03735001313742381,0.9626499868625762,0.684084526585561
2020-03-16,6107.2001953125,6362.5,5814.5,6331.0,583614700,-0.08207605029351107,0.04216817398242442,14.379462418053347,-790.208829929802,-286.27098741248295,-503.9378425173191,9201.797998046877,9191.412507324223,9201.797998046875,9226.954718823703,-1,0.0,-0.07879810164242529,0.07879810164242529,1.0385049783734528,0.6301799645276616
2020-03-17,6498.5,6557.2998046875,6083.0,6444.5,388451800,0.0621029460499834,0.046222111107717,23.548441590332747,-820.1448129613627,-252.96557635523482,-567.1792366061279,9140.172001953124,9178.059006347657,9140.172001953126,9176.427779586227,-1,0.0,0.06407188108682549,-0.06407188108682549,0.9719660108910326,0.6705567802781778
2020-03-18,6274.7998046875,6524.2001953125,6174.10009765625,6370.5,398609500,-0.035029800166048466,0.045781315166296264,22.091916895631506,-852.0975809117454,-227.9346754444939,-624.1629054672514,9073.839990234374,9163.252507324221,9073.839990234375,9123.670907315342,-1,0.0,-0.03442335851542666,0.03442335851542666,1.0054243453487437,0.6474739638257119
2020-03-19,6395.7998046875,6506.39990234375,6228.2998046875,6368.2001953125,346225500,0.019099913528264283,0.046749802455124494,24.801295700277734,-857.768865420885,-186.88476796290684,-670.8840974579782,9010.119990234376,9148.761008300782,9010.119990234374,9074.958923339844,-1,0.0,0.019283483739132024,-0.019283483739132024,0.9860362613342838,0.6599595174786563
2020-03-20,6443.2998046875,6769.89990234375,6371.10009765625,6645.39990234375,486796200,0.007399306518788457,0.04705935204747363,25.89085763016458,-848.6478619403433,-142.21101158589204,-706.4368503544513,8947.513994140625,9134.567009277343,8947.513994140625,9028.789465117872,-1,0.0,0.007426749030697843,-0.007426749030697843,0.9787132174861864,0.6648608711853907
2020-03-23,6230.2001953125,6472.0,6148.0,6223.7001953125,282033200,-0.03363233455838394,0.04691320295763509,24.197000329111074,-848.829974924929,-113.91449965638219,-734.9154752685469,8881.239990234373,9119.525510253907,8881.239990234375,8980.537925983297,-1,0.0,-0.03307305508583813,0.03307305508583813,1.0110822536413449,0.6428718909682579
2020-03-24,6717.2998046875,6717.2998046875,6403.60009765625,6433.2998046875,301211900,0.07527779264509628,0.05159100470583864,34.71146400736781,-800.4424310746772,-52.421564644904265,-748.0208664297729,8825.019990234377,9106.876511230468,8825.019990234376,8942.177957825741,-1,0.0,0.07818362076735275,-0.07818362076735275,0.9320321821580496,0.6931339430937111
2020-03-25,6942.39990234375,7058.10009765625,6625.7998046875,6985.89990234375,322631900,0.03296126298808534,0.05251607232138075,38.92736112888625,-735.4534082328164,10.053966557565332,-745.5073747903817,8773.633984375001,9095.617509765625,8773.633984375,8908.848323567709,-1,0.0,0.033510503357192745,-0.033510503357192745,0.9007993145888307,0.7163612104207372
2020-03-26,7033.2001953125,7033.2001953125,6759.10009765625,6789.0,248806600,0.012994300063014637,0.052609374830279755,40.593769057124554,-668.911519008976,61.27668462512463,-730.1882036341007,8722.84798828125,9085.125009765625,8722.84798828125,8878.099993596312,-1,0.0,0.013079092856361552,-0.013079092856361552,0.8890176767083765,0.7257305652105256
2020-03-27,6777.89990234375,6936.7001953125,6661.89990234375,6916.7001953125,225316500,-0.036974517004973735,0.052761792211744346,37.49587292177259,-629.5204722583585,80.53418510059373,-710.0546573589522,8664.779990234374,9072.81100830078,8664.779990234376,8844.225798576108,-1,0.0,-0.036299306983882396,0.036299306983882396,0.9212884022693117,0.6993870486363623
2020-03-30,6659.89990234375,6789.10009765625,6507.0,6748.60009765625,232005200,-0.017562850292113536,0.052656306773545075,36.12368101846339,-600.8976239807134,87.32562670259108,-688.2232506833045,8604.8019921875,9059.954506835937,8604.8019921875,8809.553958953373,-1,0.0,-0.017409522374208675,0.017409522374208675,0.9373275933217182,0.6872110541648957
2020-03-31,6785.39990234375,6802.0,6624.7001953125,6746.7998046875,258181200,0.01866877596984971,0.05294017690359874,38.6933965042925,-561.61308331896,101.2881338914757,-662.9012172104357,8548.283994140626,9047.839006347656,8548.283994140626,8777.926551818848,-1,0.0,0.018844127065007932,-0.018844127065007932,0.9196644730516257,0.700160946590057
2020-04-01,6579.39990234375,6687.7998046875,6565.2001953125,6627.2998046875,235113700,-0.03082968980456486,0.05276265539971088,36.12445264166894,-540.8674963809035,97.62697666362578,-638.4944730445293,8488.397988281251,9034.600004882814,8488.39798828125,8744.103064903846,-1,0.0,-0.030359301288763407,0.030359301288763407,0.9475848438735719,0.6789045494619037
2020-04-02,6574.10009765625,6658.89990234375,6424.5,6633.7001953125,233309800,-0.0008058395064884737,0.05279332188707432,36.058124440180165,-518.8728756907631,95.69727788301293,-614.570153573776,8429.509990234375,9021.508005371094,8429.509990234375,8711.224232066761,-1,0.0,-0.0008055149050314458,0.0008055149050314458,0.948348137589094,0.6783576817282185
2020-04-03,6581.60009765625,6632.5,6509.39990234375,6563.60009765625,215387500,0.001140190290318837,0.052627345326068435,36.23654908510465,-495.1292512105583,95.55272189057416,-590.6819731011325,8369.9019921875,9008.617006835937,8369.9019921875,8679.438797224813,-1,0.0,0.0011408405543860134,-0.0011408405543860134,0.9472662235740559,0.6791315796819134
2020-04-06,6844.2998046875,6874.89990234375,6728.60009765625,6807.89990234375,225965400,0.03913826883758988,0.051025408929648235,42.30895613508277,-449.92809584368297,112.60310180595957,-562.5311976496425,8319.4619921875,8997.051503906248,8319.4619921875,8652.451459099264,-1,0.0,0.0399142614460577,-0.0399142614460577,0.9094567918673012,0.7062386151096115
2020-04-07,7002.0,7119.10009765625,6903.60009765625,6986.89990234375,260857500,0.022779661984533323,0.051005735751656345,45.65481385730404,-396.80662696044874,132.57965655135501,-529.3862835118038,8269.817988281251,8986.322504882814,8269.81798828125,8628.531872735508,-1,0.0,0.023041099865978243,-0.023041099865978243,0.8885019071020945,0.7225111295695622
2020-04-08,6951.7998046875,6952.5,6860.60009765625,6930.2001953125,155910100,-0.0071952317781066415,0.05101366480150969,44.76480640781416,-354.66980364996107,139.77318388947418,-494.44298753943525,8217.91998046875,8975.087504882813,8217.91998046875,8604.578557477678,-1,0.0,-0.0071694080709082675,0.0071694080709082675,0.8948719398458898,0.7173311524459052
2020-04-09,7070.60009765625,7116.7998046875,6918.7001953125,7049.2998046875,240348600,0.01694476499424334,0.03734130152762038,47.37914454107807,-308.1378554217299,149.04410569416427,-457.1819611158942,8169.773974609375,8964.11750732422,8169.773974609375,8582.973227057659,-1,0.0,0.0170891418490855,-0.0170891418490855,0.8795793463290971,0.7295897262628213
2020-04-14,7108.60009765625,7209.7001953125,7080.2998046875,7209.7001953125,259986200,0.005359976649288472,0.036594937114959175,48.22331640866379,-265.1383192836947,153.6349134657596,-418.77323274945434,8124.587968749999,8953.253007812502,8124.58796875,8562.495822482639,-1,0.0,0.005374367023330384,-0.005374367023330384,0.8748521640957835,0.7335108092282088
2020-04-15,6839.5,7086.7998046875,6816.39990234375,7065.60009765625,289924500,-0.03859070285053716,0.032281212640792846,42.96655304803653,-249.89437916768384,135.10308286541647,-384.9974620331003,8073.28396484375,8940.478505859377,8073.28396484375,8538.893139982876,-1,0.0,-0.03785556846065574,0.03785556846065574,0.9079701900866644,0.7057433405728393
2020-04-16,6763.39990234375,6950.89990234375,6733.10009765625,6930.7998046875,237962600,-0.011188921792808107,0.029584215903941054,41.5859647866289,-241.17398511013835,115.0587815383696,-356.23276664850795,8017.293955078126,8927.290505371095,8017.293955078125,8514.899988122888,-1,0.0,-0.011126558616309623,0.011126558616309623,0.9180727736285255,0.6978908459258855
2020-04-17,6875.7998046875,7000.2998046875,6845.0,6942.5,251272600,0.01648226425893604,0.028409951271332876,44.426292407095936,-222.6269720848095,106.88463565095878,-329.5116077357683,7960.453955078125,8914.994504394534,7960.453955078125,8493.045319010416,-1,0.0,0.016618846137546717,-0.016618846137546717,0.9028154634605222,0.70948898651513
2020-04-20,6831.5,6933.2998046875,6715.0,6932.5,186644500,-0.006463703217084444,0.028296829195442855,43.52795384568024,-209.09266456613477,96.3351545357068,-305.4278191018416,7900.857958984376,8902.72850341797,7900.857958984375,8471.182880602384,-1,0.0,-0.006442858423146514,0.006442858423146514,0.9086321756738258,0.7049178494222313
2020-04-21,6634.89990234375,6760.89990234375,6634.89990234375,6741.2998046875,200783000,-0.02920068743443659,0.02918692646595819,39.69203074882318,-211.78923866435343,74.91086434999056,-286.700103014344,7837.3359570312505,8889.533500976564,7837.33595703125,8447.33504971591,-1,0.0,-0.028778467050611156,0.028778467050611156,0.9347812168025801,0.684631394319246
2020-04-22,6719.7998046875,6729.60009765625,6654.2001953125,6685.10009765625,177928500,0.012714781760207412,0.028072252552924278,42.06635820168697,-204.7157448088774,65.58748656437331,-270.3032313732507,7775.411953125,8876.867998046875,7775.411953125,8425.187161959135,-1,0.0,0.012795958280208408,-0.012795958280208408,0.9228197953512518,0.693391909078276
2020-04-23,6746.5,6797.60009765625,6713.60009765625,6758.7001953125,163723500,0.00396548876652858,0.02248643983023581,42.828676052829046,-194.71096059736374,60.473816620709556,-255.1847772180733,7712.6899609375005,8864.198999023438,7712.6899609375,8403.937957377373,-1,0.0,0.003973361720370772,-0.003973361720370772,0.9191530985016028,0.6961470059470224
2020-04-24,6613.89990234375,6710.7998046875,6578.10009765625,6641.2998046875,182925300,-0.01985037165231336,0.0215189097318232,40.01277117896859,-195.23131169086628,47.96277242176561,-243.19408411263188,7646.159951171876,8850.802497558594,7646.159951171875,8381.562481689452,-1,0.0,-0.019654650212147073,0.019654650212147073,0.937218731144063,0.6824644800489001
2020-04-27,6731.7998046875,6790.10009765625,6667.2998046875,6780.89990234375,147263100,0.017669057784198503,0.021719646194954215,43.5656557495136,-184.00901550375602,47.348054887100716,-231.35707039085673,7582.599951171876,8837.843498535156,7582.599951171875,8361.195041232639,-1,0.0,0.017826079028194775,-0.017826079028194775,0.9205117959759844,0.6946301458041877
2020-04-28,6836.39990234375,6857.89990234375,6707.89990234375,6724.60009765625,233782400,0.015418724986874955,0.020424399516729506,46.588135268977446,-164.77548203411152,53.26527068539616,-218.04075271950768,7520.191953125,8825.14,7520.191953125,8342.599978563263,-1,0.0,0.015538206822997669,-0.015538206822997669,0.9062086933071005,0.7054234526751821
2020-04-29,7055.7001953125,7055.7001953125,6816.7998046875,6829.39990234375,247762400,0.03157456546786811,0.02109067207257143,52.350136536394196,-130.3346505941854,70.16488170025784,-200.49953229444324,7460.861953125,8813.9975,7460.861953125,8327.09516189759,-1,0.0,0.03207833013009753,-0.03207833013009753,0.877139031676431,0.7280522590716099
2020-04-30,6922.2998046875,7128.39990234375,6918.2998046875,7084.7998046875,314979200,-0.019087772341184358,0.021292484800696926,48.89472194723319,-112.50742463733059,70.39368612569015,-182.90111076302074,7399.1919531250005,8802.480498046876,7399.191953125,8310.371407645089,-1,0.0,-0.018906754387555402,0.018906754387555402,0.8937228839120755,0.7142871538280381
2020-05-04,6673.2998046875,6767.7001953125,6673.2998046875,6767.7001953125,241555200,-0.03663359520040838,0.021783006085664174,43.167242026752234,-117.12133678352893,52.62381918359347,-169.7451559671224,7330.98595703125,8789.994497070315,7330.98595703125,8291.111741727942,-1,0.0,-0.0359707043938472,0.0359707043938472,0.9258707255792933,0.6885937417653673
2020-05-05,6747.7001953125,6815.89990234375,6680.7001953125,6772.2001953125,203873600,0.011087274089687677,0.021901502056362075,45.231632941153265,-113.46643523244802,45.02297658773952,-158.48941182018754,7267.319960937501,8777.915498046877,7267.3199609375,8273.16509583939,-1,0.0,0.01114896569950874,-0.01114896569950874,0.9155482246176305,0.6962708497732057
2020-05-06,6671.7001953125,6762.5,6666.2001953125,6719.7998046875,166015200,-0.0113270057319,0.022083053840942897,43.49366303372919,-115.3725216498915,34.49351213623686,-149.86603378612836,7203.029960937501,8764.866000976564,7203.0299609375,8254.757453304597,-1,0.0,-0.011263096729282052,0.011263096729282052,0.9258601328318212,0.6884286838424307
2020-05-07,6730.89990234375,6747.2001953125,6666.39990234375,6714.89990234375,167460700,0.008834120484553024,0.020270653738813867,45.258117133829806,-110.82862387588193,31.229927928197128,-142.05855180407906,7147.977958984375,8751.871999511719,7147.977958984375,8237.440890225496,-1,0.0,0.008873256486081837,-0.008873256486081837,0.9176447384029667,0.6945372881265404
2020-05-08,6783.10009765625,6807.39990234375,6715.39990234375,6790.7001953125,128578300,0.007725389215382748,0.019616553291313878,46.83456578522878,-101.84146760207477,32.173667361603435,-134.0151349636782,7098.62396484375,8739.337998046876,7098.62396484375,8221.09998244382,-1,0.0,0.007755307027270453,-0.007755307027270453,0.9105281217146924,0.6999236380378495
2020-05-11,6672.2001953125,6854.7001953125,6651.7001953125,6830.89990234375,217443300,-0.016484569092527466,0.019864706549571925,43.93949692722669,-102.48637763033639,25.22300586667346,-127.70938349700985,7045.73197265625,8726.57149902344,7045.73197265625,8203.889984809028,-1,0.0,-0.01634944210569278,0.01634944210569278,0.9254147485262721,0.6884802770393438
2020-05-12,6762.7001953125,6795.10009765625,6663.2001953125,6672.7001953125,172853600,0.013472577578549423,0.019704465954193222,46.828029400910275,-94.6043398732154,26.484034899035578,-121.08837477225097,7001.26796875,8714.307998046874,7001.26796875,8188.052734375,-1,0.0,0.01356374169701624,-0.01356374169701624,0.9128626619146526,0.6978186456805956
2020-05-13,6631.39990234375,6728.2001953125,6631.39990234375,6694.0,245673600,-0.0196063189098508,0.0199873755946162,43.33902736092579,-97.82493947556122,18.6107482373518,-116.43568771291302,6959.431962890625,8702.531999511717,6959.431962890625,8171.1325948963995,-1,0.0,-0.019415365043057742,0.019415365043057742,0.930586223729903,0.6842702419408546
2020-05-14,6545.60009765625,6609.0,6421.39990234375,6569.7001953125,258952900,-0.01302284545526511,0.018375819906477228,41.179863837171965,-106.07781601115585,8.286297361405744,-114.36411337256159,6915.51396484375,8690.405,6915.51396484375,8153.653750840053,-1,0.0,-0.012938415108576962,0.012938415108576962,0.9426265345868435,0.6754168695041775
2020-05-15,6474.89990234375,6624.2998046875,6466.0,6594.39990234375,203854400,-0.01085993474375225,0.018367491519407513,39.436362741165894,-116.97478254105226,-2.0885353347925246,-114.88624720625974,6868.7799707031245,8677.588498535157,6868.779970703125,8135.794667345413,-1,0.0,-0.010801178540958412,0.010801178540958412,0.9528080120843608,0.6681215713070876
2020-05-18,6779.2998046875,6790.2001953125,6558.10009765625,6583.10009765625,203486600,0.04594067460568458,0.020943328985567274,49.374695721711305,-99.89663268330878,11.991691618360775,-111.88832430166956,6826.165966796874,8666.996999511719,6826.165966796875,8121.515774054276,-1,0.0,0.0470122946971836,-0.0470122946971836,0.9080143210304132,0.6995314995109218
2020-05-19,6609.10009765625,6872.60009765625,6555.60009765625,6864.2001953125,501358300,-0.025426320942298682,0.0216354664945253,44.93470119452606,-98.95507728519533,10.346597613179384,-109.30167489837471,6784.68796875,8656.156499023438,6784.68796875,8105.761444091797,-1,0.0,-0.025105794393923464,0.025105794393923464,0.9308107418809408,0.6819692055121276
2020-05-20,6683.60009765625,6697.10009765625,6499.10009765625,6593.39990234375,341451800,0.011209277117172015,0.020798327615641838,47.17397936867406,-91.14667830051803,14.52399727828535,-105.67067557880338,6750.847978515625,8646.077497558595,6750.847978515625,8091.099986912049,-1,0.0,0.011272336460211863,-0.011272336460211863,0.9203183300176795,0.6896565918521637
2020-05-21,6686.10009765625,6773.39990234375,6579.89990234375,6612.7001953125,258583100,0.00037397996852835445,0.020594739606004445,47.25149844570136,-83.79084800425517,17.50386205963858,-101.29471006389375,6730.3959765624995,8635.777500000002,6730.3959765625,8076.763253348215,-1,0.0,0.00037404990775513625,-0.00037404990775513625,0.919974085031231,0.6899145578367287
2020-05-22,6697.5,6751.7998046875,6585.7001953125,6618.2001953125,292688300,0.0017035633189225515,0.02057656650593122,47.6288952665611,-76.16345772187833,20.105001873612338,-96.26845959549067,6715.1159765625,8624.92,6715.1159765625,8062.831301294192,-1,0.0,0.0017050152072575209,-0.0017050152072575209,0.9184055152259699,0.6910908726495487
2020-05-25,6856.7998046875,6856.7998046875,6725.2001953125,6766.60009765625,187072800,0.02350650968141161,0.020699147713637168,52.71949565877674,-56.611945785150965,31.725211048271774,-88.33715683342274,6703.523974609375,8615.414999999999,6703.523974609375,8050.770986328125,-1,0.0,0.02378496523889506,-0.02378496523889506,0.8965612719711107,0.7075284450324358
2020-05-26,7003.89990234375,7023.7998046875,6917.10009765625,6940.60009765625,383729100,0.021226290704834685,0.020857330816517437,56.886928736977765,-28.914178548354357,47.53838262805472,-76.45256117640908,6715.783974609375,8607.052497558594,6715.783974609375,8040.405926090656,-1,0.0,0.021453170844464298,-0.021453170844464298,0.8773271898309842,0.7227071736410349
2020-05-27,7174.5,7229.0,7030.2001953125,7034.0,501006600,0.024065949983451164,0.021236719193989905,61.162452541233854,6.724982245627871,66.54203473762956,-59.81705249200169,6726.681972656249,8599.449499511718,6726.68197265625,8031.916652305454,-1,0.0,0.024357872047708895,-0.024357872047708895,0.8559573663971051,0.7403107825045445
2020-05-28,7224.10009765625,7244.5,7141.39990234375,7237.2998046875,375466600,0.0068895994770707715,0.020141827933895667,62.33206012293108,38.52746664374081,78.675615308594,-40.148148664853196,6749.019970703125,8592.956499023436,6749.019970703125,8024.073773134102,-1,0.0,0.006913387365844237,-0.006913387365844237,0.850039801554554,0.7454288377151097
2020-05-29,7096.5,7201.7998046875,7096.5,7164.2998046875,903979900,-0.017820967526219703,0.020076625602431147,57.53195581669359,52.825958405936944,74.3792856566321,-21.553327250695165,6760.979970703126,8585.843999023436,6760.979970703125,8015.154794546274,-1,0.0,-0.017663113181065726,0.017663113181065726,0.8650541507778227,0.7322622437861175
2020-06-01,7221.39990234375,7276.0,7160.10009765625,7228.7001953125,291929600,0.01744712164425668,0.018267143731862983,60.720557590470584,73.39000019113791,75.95466195346646,-2.564661762328548,6779.911972656249,8578.59899658203,6779.91197265625,8007.595224144346,-1,0.0,0.01760021170207149,-0.01760021170207149,0.8498290145903773,0.7451502142981871
2020-06-02,7408.10009765625,7445.2998046875,7236.89990234375,7264.0,402947100,0.02552518295378407,0.018840469044152063,64.95617637373306,103.5585385356253,84.89856023836307,18.659978297262224,6800.157978515624,8571.972998046873,6800.157978515625,8001.939609743514,-1,0.0,0.025853739972481637,-0.025853739972481637,0.8278577562260874,0.7644151341790913
2020-06-03,7626.39990234375,7629.7001953125,7448.89990234375,7487.2998046875,445036400,0.029041890036989124,0.019195691090010538,69.14566486822682,143.4289328998475,99.81516368206822,43.61376921777928,6823.819980468749,8567.013498535158,6823.81998046875,7998.429892851927,-1,0.0,0.029467718012687882,-0.029467718012687882,0.8034626773110005,0.7869407037977117
2020-06-04,7566.7998046875,7669.2001953125,7516.0,7567.7001953125,514858000,-0.00784566839460431,0.01945804674594738,66.7977118124817,168.2774798633418,99.73096851645002,68.54651134689178,6850.55197265625,8561.339997558594,6850.55197265625,7994.433317961516,-1,0.0,-0.0078149714700817,0.0078149714700817,0.8097417152114614,0.7807907846488866
2020-06-05,7872.60009765625,7890.39990234375,7664.10009765625,7672.0,573283900,0.03961815776456089,0.020874832843061478,72.04321635300089,210.22234795061377,113.34066928297759,96.88167866763618,6873.657978515625,8557.120996093752,6873.657978515625,7993.315581995413,-1,0.0,0.040413424546967835,-0.040413424546967835,0.7770172795012307,0.8123452141112623
2020-06-08,7896.10009765625,7992.7001953125,7796.60009765625,7813.10009765625,557213300,0.0029805902968029463,0.020141174024265247,72.40402721967273,242.56408393978018,116.54592421771518,126.018159722065,6892.731982421875,8553.353996582035,6892.731982421875,7992.431804865057,-1,0.0,0.0029850366725723276,-0.0029850366725723276,0.7746978544266971,0.814770094366173
2020-06-09,7752.2998046875,7914.7001953125,7683.2001953125,7878.2001953125,453061900,-0.0183794307230473,0.020963233302293625,66.72881136800238,253.667539376067,102.1195037232016,151.5480356528654,6907.113974609375,8548.719494628911,6907.113974609375,7990.268453512106,-1,0.0,-0.01821155902157745,0.01821155902157745,0.7888063101264784,0.7999318607036072
2020-06-10,7663.89990234375,7861.0,7649.39990234375,7779.7998046875,355564600,-0.011468568511555992,0.020496931698463675,63.43697078170373,252.42418559216276,80.70091995143787,171.7232656407249,6924.833974609375,8543.394492187505,6924.833974609375,7987.35444859096,-1,0.0,-0.011403055166971043,0.011403055166971043,0.7978011119969055,0.7908101935661862
2020-06-11,7278.0,7486.5,7278.0,7486.5,456667800,-0.051664880634393666,0.02402469648549109,51.49450822338023,217.78938132273925,36.852892545611496,180.93648877712775,6937.195976562501,8536.048994140627,6937.1959765625,7981.076975594579,-1,0.0,-0.050352941356362924,0.050352941356362924,0.8379727446033267,0.7509905742655341
2020-06-12,7292.7001953125,7425.2998046875,7205.0,7232.2001953125,370125100,0.002017775412712268,0.023739586491849998,51.866243968680855,189.3445857938732,6.726477613396327,182.61810818047687,6947.341982421875,8528.540996093752,6947.341982421875,7975.038582785088,-1,0.0,0.002019812491412365,-0.002019812491412365,0.8362801967863138,0.7525074344083685
2020-06-15,7259.2998046875,7309.39990234375,7062.89990234375,7116.89990234375,329041900,-0.004590496052485621,0.021874847239416996,50.911531277330745,162.23658564825018,-16.305218025781357,178.54180367403154,6960.93998046875,8520.772993164064,6960.93998046875,7968.81476732337,-1,0.0,-0.004579975829318794,0.004579975829318794,0.8401103398741331,0.7490609685473955
2020-06-16,7495.2998046875,7599.2998046875,7349.7001953125,7420.7998046875,388212600,0.031992752829779494,0.02165648012501771,56.94243631606346,157.97548484301024,-16.45305506481708,174.42853990782731,6979.363974609375,8514.171992187501,6979.363974609375,7964.732741783405,-1,0.0,0.03251002250211643,-0.03251002250211643,0.8127983338205643,0.7734129574903285
2020-06-17,7478.7001953125,7552.5,7402.5,7458.10009765625,333500600,-0.0022171251736093625,0.021704057846469515,56.417403260585104,151.51253976234602,-18.332800116385044,169.84533987873107,6997.3059765625,8507.5194921875,6997.3059765625,7960.578617454594,-1,0.0,-0.0022146691670182905,0.0022146691670182905,0.8145984132294805,0.7717001036600022
2020-06-18,7390.2001953125,7495.2001953125,7318.10009765625,7436.39990234375,326763200,-0.011904181584427636,0.02203143412078245,53.580854066673034,137.66251111211204,-25.74626301329522,163.40877412540726,7008.223984375,8500.187495117187,7008.223984375,7955.7449020127115,-1,0.0,-0.01183360713609971,0.01183360713609971,0.8242380508253284,0.7625681078064023
2020-06-19,7414.2001953125,7502.10009765625,7401.0,7444.2001953125,634635200,0.0032422820771559587,0.022021978618847308,54.25258666482951,127.15707543330063,-29.001358953685326,156.15843438698596,7016.467988281251,8492.294995117185,7016.46798828125,7951.194106158088,-1,0.0,0.003247543958988075,-0.003247543958988075,0.8215613015226025,0.7650445812582259
2020-06-22,7345.7001953125,7426.89990234375,7300.7001953125,7371.60009765625,220420500,-0.009281972098442628,0.021797591513744045,51.94220528219777,112.01285003898101,-35.31646747840398,147.329317517385,7024.345996093751,8484.072998046873,7024.34599609375,7946.148323567709,-1,0.0,-0.0092390275681129,0.0092390275681129,0.8291517290362646,0.7579763132811458
2020-06-23,7438.39990234375,7495.10009765625,7366.60009765625,7408.7998046875,260896400,0.01254062422486896,0.02150927173519959,54.75054141398312,106.2660648916335,-32.85060210060118,139.11666699223468,7031.7019921875,8476.211999511717,7031.7019921875,7941.9520556237085,-1,0.0,0.012619587590901649,-0.012619587590901649,0.8186881761655439,0.7675416617584259
2020-06-24,7195.5,7440.89990234375,7195.5,7403.89990234375,248464400,-0.03319992819742851,0.02235373322669135,47.00023395816613,81.17595822293788,-46.352567015437444,127.52852523837532,7033.439990234375,8466.798498535156,7033.439990234375,7935.833596151383,-1,0.0,-0.032654859315538465,0.032654859315538465,0.8454223233815245,0.7424776967748898
2020-06-25,7270.2998046875,7295.7998046875,7077.7998046875,7176.39990234375,267871700,0.010341698676058298,0.022421767771926726,49.37673742115855,66.56032108466752,-48.774563322966245,115.33488440763377,7042.055986328125,8457.852497558593,7042.055986328125,7930.422752318344,-1,0.0,0.010395358861441162,-0.010395358861441162,0.8366338549405001,0.7501960188794811
2020-06-26,7178.39990234375,7344.89990234375,7172.10009765625,7324.5,215724300,-0.012721025906619348,0.022232815642887985,46.611353204546745,47.0197548083479,-54.652103679428706,101.6718584877766,7050.355986328125,8448.332998046875,7050.355986328125,7924.358051915323,-1,0.0,-0.01264045566380878,0.01264045566380878,0.8472092880907168,0.7407131993636691
2020-06-29,7278.10009765625,7318.2998046875,7146.2998046875,7160.10009765625,216619400,0.01379334915433845,0.02210149231888842,49.89020196017866,39.12764860757488,-50.03536790416139,89.16301651173627,7058.4019921875,8439.033996582033,7058.4019921875,7919.18798828125,-1,0.0,0.013888916286197484,-0.013888916286197484,0.8354424692115359,0.7510009029817126
2020-06-30,7231.39990234375,7307.5,7173.0,7270.60009765625,233654700,-0.00643721100998971,0.021330561412142072,48.39105257498003,28.773103683378395,-48.3119302626863,77.0850339460647,7066.399990234376,8429.930996093752,7066.399990234375,7913.729352678572,-1,0.0,-0.0064165365529307294,0.0064165365529307294,0.8408031163531023,0.7461820782364464
2020-07-01,7227.39990234375,7283.89990234375,7127.10009765625,7245.60009765625,194032100,-0.0005532962840731462,0.02011349158666038,48.25729493402774,20.013581549795163,-45.65716191701563,65.67074346681079,7078.249990234376,8421.046994628909,7078.249990234375,7908.325183778297,-1,0.0,-0.0005531432439109807,0.0005531432439109807,0.8412682009163723,0.7457693326611425
2020-07-02,7498.60009765625,7538.2001953125,7292.7001953125,7292.7001953125,310243600,0.03683700421666605,0.021911533760973448,56.946444030683296,34.55683669456994,-24.891125417792686,59.447962112362625,7093.82599609375,8413.381494140625,7093.82599609375,7905.124206542969,-1,0.0,0.0375238950351362,-0.0375238950351362,0.8097005412487885,0.7737535028203428
2020-07-03,7403.5,7520.60009765625,7374.89990234375,7510.2998046875,181467000,-0.012763488107835261,0.019908846968439278,53.55045018677768,37.97098223206194,-17.181583904240547,55.15256613630249,7106.96599609375,8404.718994140623,7106.96599609375,7901.235646802325,-1,0.0,-0.012682380233341783,0.012682380233341783,0.8199694713880483,0.7639404666906952
2020-07-06,7556.2001953125,7632.2998046875,7517.2998046875,7566.5,253508300,0.02041558280154019,0.020558910880219865,57.89257480039988,52.39437699739483,-2.206551311126134,54.60092830852096,7125.812001953125,8396.604995117184,7125.812001953125,7898.5815279447115,-1,0.0,0.02062540626899434,-0.02062540626899434,0.8030572679124973,0.7796970491815158
2020-07-07,7447.39990234375,7511.2998046875,7441.2998046875,7491.5,191351100,-0.014503479090427165,0.020416141951523616,54.01791358787768,54.41844494426732,-0.14598669140291776,54.56443163567024,7140.12400390625,8388.373996582028,7140.12400390625,7895.1373933981395,-1,0.0,-0.01439881026924672,0.01439881026924672,0.814620337148509,0.7684703393028597
2020-07-08,7326.39990234375,7382.7001953125,7307.39990234375,7361.0,213489300,-0.016380715486419374,0.020564969862200643,50.00923642300362,45.73167829359136,-7.066202673663106,52.797880967254464,7149.92400390625,8379.414995117186,7149.92400390625,7890.828776041667,-1,0.0,-0.01624728114330487,0.01624728114330487,0.8278557027912147,0.7559847856499152
2020-07-09,7236.89990234375,7383.5,7221.10009765625,7369.89990234375,176465600,-0.012291325177354824,0.017194047750614005,47.21802069926066,31.265047119487463,-17.22626707821361,48.49131419770107,7153.547998046874,8370.172995605468,7153.547998046875,7885.91201759281,-1,0.0,-0.012216095380129133,0.012216095380129133,0.837968867017496,0.7467496034024894
2020-07-10,7321.10009765625,7324.2998046875,7183.2001953125,7198.39990234375,182314500,0.011567678832411724,0.017392766650416336,50.04299388542712,26.291319790124362,-17.759995526061374,44.051315316185736,7161.52400390625,8361.129995117188,7161.52400390625,7881.697003264925,-1,0.0,0.011634843157804386,-0.011634843157804386,0.8282192306786244,0.75543791791623
2020-07-13,7426.89990234375,7452.10009765625,7345.89990234375,7403.2001953125,179024200,0.014347927814437009,0.017632438162513052,53.4167587549681,30.534779153415002,-10.813228930216589,41.34800808363159,7176.5960058593755,8352.34399658203,7176.596005859375,7878.328135850695,-1,0.0,0.014451353386271792,-0.014451353386271792,0.8162503418947814,0.7663550182294269
2020-07-14,7352.0,7352.0,7268.39990234375,7344.39990234375,201386900,-0.010136146007438318,0.016212044752433846,50.80114863522089,27.53653112682241,-11.049181565447341,38.58571269226975,7188.682001953125,8342.880998535156,7188.682001953125,7874.458076028262,-1,0.0,-0.010084948407627414,0.010084948407627414,0.8244821844804986,0.7586263674086567
2020-07-15,7487.60009765625,7529.60009765625,7317.60009765625,7416.10009765625,262957900,0.018275946934047743,0.016766873833254956,55.08874687570429,35.690771589941505,-2.3159528818626,38.006724471804105,7205.0,8334.489497070312,7205.0,7871.634295164234,-1,0.0,0.018443974109936034,-0.018443974109936034,0.8092754564158368,0.7726184524882568
2020-07-16,7474.7001953125,7498.0,7425.2998046875,7438.7998046875,178623900,-0.0017243211655186296,0.01653752456178392,54.60124891782646,40.64363704684365,2.109530060031638,38.53410698681201,7219.876005859375,8327.301997070312,7219.876005859375,7868.757961107337,-1,0.0,-0.0017228353778920846,0.0017228353778920846,0.8106697048026098,0.7712873580846977
2020-07-17,7440.39990234375,7485.0,7395.7998046875,7474.10009765625,196831900,-0.00459941310639093,0.016563732769541466,53.251848969270014,41.32470613327132,2.2324793171674457,39.092226816103874,7233.022001953125,8319.992995605468,7233.022001953125,7865.6762484543615,-1,0.0,-0.004588852003758026,0.004588852003758026,0.8143897481018791,0.7677480345460775
2020-07-20,7478.0,7495.5,7365.10009765625,7442.5,148683100,0.005040778839397654,0.01644245574880781,54.57707226805765,44.38680843700149,4.235665296718096,40.151143140283395,7249.1379980468755,8312.57399658203,7249.137998046875,7862.907132393973,-1,0.0,0.005053504939217746,-0.005053504939217746,0.810274225487398,0.7716278530307309
2020-07-21,7494.5,7654.7998046875,7473.5,7554.2001953125,300453100,0.0022040416335913837,0.016217975758872162,55.17755404344312,47.596298179959376,5.956124031740785,41.64017414821859,7263.773994140625,8304.825998535156,7263.773994140625,7860.294315852172,-1,0.0,0.0022064723188017776,-0.0022064723188017776,0.8084863778382215,0.7733304285288597
2020-07-22,7390.10009765625,7498.60009765625,7368.2001953125,7474.7001953125,192701200,-0.014028138305758388,0.014616505706613811,50.61792147349337,41.240250376450604,-0.31993901741439146,41.560189393864995,7278.947998046875,8297.076000976562,7278.947998046875,7856.983088963469,-1,0.0,-0.01393020246097143,0.01393020246097143,0.8197487567684453,0.7625577790902229
2020-07-23,7384.89990234375,7442.2001953125,7357.2001953125,7434.7001953125,167589000,-0.0007039181762741137,0.014466154244464308,50.39453591209071,35.37563608522305,-4.9476426469135575,40.32327873213661,7295.733994140625,8289.040998535156,7295.733994140625,7853.6818079381555,-1,0.0,-0.0007036704839964436,0.0007036704839964436,0.8203255897728761,0.7620211896887352
2020-07-24,7294.7001953125,7322.7001953125,7241.10009765625,7301.7998046875,183906100,-0.012289277860347208,0.014445250607311833,46.55656339004915,23.18229343193707,-13.712788240159632,36.8950816720967,7312.13,8279.992497558595,7312.13,7849.799991183811,-1,0.0,-0.012214073071271203,0.012214073071271203,0.8303451064685956,0.75271380719602
2020-07-27,7170.60009765625,7268.0,7141.2998046875,7267.7998046875,232707600,-0.01715873710840169,0.01463709981259973,41.83574202661908,3.4651961733716234,-26.74390839898006,30.209104572351684,7319.956005859374,8269.476499023438,7319.956005859375,7845.115853987069,-1,0.0,-0.017012364365021515,0.017012364365021515,0.8444712399685519,0.7399083656454187
2020-07-28,7246.39990234375,7257.2998046875,7170.60009765625,7191.89990234375,162297200,0.010515433605560932,0.014780218947501516,45.47264511977922,-5.975453397993078,-28.947646376275813,22.972192978282735,7332.702001953124,8259.475998535157,7332.702001953125,7841.015059797731,-1,0.0,0.01057091507756458,-0.01057091507756458,0.8355444062053987,0.7477298741438361
2020-07-29,7206.2001953125,7260.2001953125,7171.2998046875,7247.60009765625,210361700,-0.005562986650244187,0.014834289016328344,43.90471680746656,-16.510691618529563,-31.586307677449838,15.075616058920277,7343.15400390625,8248.726501464844,7343.15400390625,7836.696591331845,-1,0.0,-0.0055475418929402665,0.0055475418929402665,0.8401796238022351,0.7435818113424202
2020-07-30,6996.60009765625,7192.7001953125,6924.7001953125,7192.2998046875,324376500,-0.029517462963171478,0.013486337119816517,36.783113922042354,-41.29687531809759,-45.09799310161429,3.8011177835167036,7349.364003906251,8236.776000976562,7349.36400390625,7831.020263671875,-1,0.0,-0.02908607754091974,0.02908607754091974,0.8646171534884478,0.721953933119697
2020-07-31,6877.39990234375,7049.5,6877.39990234375,7025.2001953125,312298100,-0.01718367138579457,0.013681549580650137,33.459182408695746,-69.75447783906293,-58.844476498063706,-10.910001340999225,7352.962001953126,8224.463000488282,7352.962001953125,7824.620127018666,-1,0.0,-0.017036874145834102,0.017036874145834102,0.8793475271167597,0.7096540948220468
2020-08-03,6975.0,6983.2998046875,6788.89990234375,6867.39990234375,282337300,0.01409166836334665,0.013158298792634623,38.369999038119666,-83.46963466964462,-58.04770666291631,-25.421928006728304,7355.326005859375,8212.689001464845,7355.326005859375,7818.9559928385415,-1,0.0,0.014191423945405512,-0.014191423945405512,0.8668683335641018,0.7197250969362594
2020-08-04,7021.60009765625,7064.7998046875,6955.39990234375,7003.0,225242000,0.006658798496318254,0.013120187255191857,40.62321851188492,-89.54652029744102,-51.29967383257017,-38.24684646487085,7355.680009765625,8200.785502929688,7355.680009765625,7813.675490221441,-1,0.0,0.006681017585125515,-0.006681017585125515,0.8610767709835715,0.7245335929653467
2020-08-05,7039.7001953125,7123.5,7027.7001953125,7073.2001953125,208795900,0.002574457166287824,0.01277863842102875,41.517584749621896,-91.84325742587225,-42.87712876880112,-48.96612865707113,7352.984013671875,8189.083002929688,7352.984013671875,7808.583547491777,-1,0.0,0.0025777739268135758,-0.0025777739268135758,0.8588571097343453,0.7264012767703933
2020-08-06,6957.89990234375,7046.10009765625,6917.0,7022.10009765625,205847300,-0.01168789272482925,0.012753738719280462,38.68185608946593,-99.12142803481765,-40.12423950219721,-58.99718853262044,7347.660009765625,8176.947502441406,7347.660009765625,7803.02352366728,-1,0.0,-0.011619854638585059,0.011619854638585059,0.8688369045047737,0.7179605995250388
2020-08-07,6950.5,6961.7998046875,6876.7001953125,6929.10009765625,184151000,-0.0010640912101958144,0.012354798964632662,38.42616508540223,-104.2844151315303,-36.22978127912788,-68.05463385240242,7344.7400097656255,8164.7410034179675,7344.740009765625,7797.487656630479,-1,0.0,-0.001063525265900589,0.001063525265900589,0.8697609345046614,0.7171970302875228
2020-08-10,7053.89990234375,7053.89990234375,6957.0,7004.39990234375,208030800,0.014767042080230832,0.012385371211958422,43.99674299326577,-98.89263885074524,-24.67040399867426,-74.22223485207098,7341.390009765625,8152.859501953125,7341.390009765625,7792.690316280242,-1,0.0,0.014876613530501404,-0.014876613530501404,0.8568218372181078,0.7278664933323336
2020-08-11,7263.5,7290.10009765625,7104.0,7104.0,271632300,0.029281164815560163,0.014132119076723864,53.23306371671888,-76.82109535503696,-2.0790884023727756,-74.74200695266418,7338.4980078125,8142.012001953124,7338.4980078125,7789.298070663061,-1,0.0,0.029714073145070907,-0.029714073145070907,0.831362170474715,0.7494943715550568
2020-08-12,7296.0,7317.89990234375,7225.7001953125,7250.2998046875,219850300,0.004464446441229054,0.013483470669037574,54.4865007178396,-56.06052885150348,14.945182480928565,-71.00571133243204,7331.890009765626,8131.491503906249,7331.890009765625,7786.15604473527,-1,0.0,0.004474426929166331,-0.004474426929166331,0.8276423011912527,0.7528479293544014
2020-08-13,7250.5,7321.89990234375,7240.7998046875,7267.89990234375,159766300,-0.006255820766217383,0.013529041551529787,52.37027885794399,-42.78589094871768,22.575856306971488,-65.36174725568917,7325.564013671876,8121.321503906249,7325.564013671875,7782.765816604035,-1,0.0,-0.006236293859649078,0.006236293859649078,0.8328037217921574,0.748152948435319
2020-08-14,7154.2998046875,7227.60009765625,7064.0,7224.10009765625,175803800,-0.013356884766180608,0.013773375937609024,48.115234190018235,-39.57203477119401,20.63176998759613,-60.20380475879014,7311.198007812499,8110.805502929686,7311.1980078125,7778.813200176887,-1,0.0,-0.013268077417074697,0.013268077417074697,0.8438534260461237,0.7382263971956665
2020-08-17,7090.10009765625,7173.2998046875,7064.10009765625,7141.5,131241200,-0.009014088649099652,0.013755895531626164,45.46064913142869,-41.72443707595539,14.783494146267806,-56.5079312222232,7295.078007812499,8099.6160034179675,7295.0780078125,7774.508743286133,-1,0.0,-0.008973583548901098,0.008973583548901098,0.851425815267775,0.731601860942427
2020-08-18,7043.5,7165.60009765625,7024.39990234375,7065.7001953125,142775200,-0.006594252872308143,0.013732710708064073,43.58111240208641,-46.65268670524438,7.88419561358306,-54.53688231882744,7280.902011718749,8087.7515014648425,7280.90201171875,7769.9683163092,-1,0.0,-0.006572558499090109,0.006572558499090109,0.857021861246258,0.7267933649133397
2020-08-19,7094.2998046875,7094.2998046875,7002.7998046875,7039.10009765625,132230000,0.007186411466662923,0.013663587696829876,46.19276702023828,-45.92979032343192,6.8856735963164155,-52.81546391974833,7269.510009765624,8076.183498535156,7269.510009765625,7765.797523027585,-1,0.0,0.00721229568928794,-0.00721229568928794,0.8508407661707661,0.7320352135661072
2020-08-20,6993.2998046875,7034.5,6974.89990234375,7011.39990234375,155668600,-0.014339097268955825,0.013930840462421499,42.02727357679332,-52.89698215735734,-0.06521459008720853,-52.831767567270134,7263.816005859375,8064.1579956054675,7263.816005859375,7761.058273221817,-1,0.0,-0.014236782033551054,0.014236782033551054,0.862954000703999,0.7216133877896825
2020-08-21,6982.10009765625,7025.89990234375,6900.5,7016.7001953125,171116500,-0.0016027748053115704,0.013748407976724168,41.57951708605084,-58.64621754930795,-4.65155998563025,-53.9946575636777,7257.604003906251,8051.831997070311,7257.60400390625,7756.308528248856,-1,0.0,-0.0016014910477230027,0.0016014910477230027,0.8643360138107231,0.7204577304092203
2020-08-24,7109.10009765625,7120.7998046875,7037.2998046875,7044.2001953125,147789200,0.01802592215063064,0.013981326411575434,48.30523955114205,-52.351217157825886,1.3147523246814572,-53.66596948250734,7254.600009765626,8040.408996582031,7254.600009765625,7752.386052911932,-1,0.0,0.018189369705918557,-0.018189369705918557,0.84861428650538,0.7335624024251206
2020-08-25,7108.39990234375,7215.10009765625,7103.2001953125,7147.89990234375,189748500,-9.849767020453108e-05,0.013743385695510283,48.27224278048468,-46.8784977631276,5.429977375503796,-52.308475138631394,7246.862011718751,8029.00849609375,7246.86201171875,7748.506618269955,-1,0.0,-9.84928194682766e-05,9.84928194682766e-05,0.8486978689190989,0.7334901517958499
2020-08-26,7123.0,7136.5,7070.39990234375,7088.39990234375,122064500,0.00205181540517041,0.013714643859359372,49.05371042754079,-40.89184659797138,9.13330283252801,-50.02514943049939,7239.7480078125,8018.089995117188,7239.7480078125,7744.76106965756,-1,0.0,0.002053921818809812,-0.002053921818809812,0.8469547098485486,0.7349966832225054
2020-08-27,7090.7001953125,7130.2001953125,7029.2001953125,7114.10009765625,162183000,-0.004544891174355836,0.011966910049216007,47.34946836501012,-38.31206903227485,9.370464318579636,-47.682533350854484,7233.758007812499,8007.57099609375,7233.7580078125,7740.86785016741,-1,0.0,-0.00453457878527308,0.00453457878527308,0.850795292707915,0.7316637828555186
2020-08-28,7133.0,7162.89990234375,7055.10009765625,7114.7001953125,193354900,0.005947809474040058,0.011246925383071453,49.80876247705255,-32.47992761362639,12.16208458978248,-44.64201220340887,7228.13400390625,7997.369497070313,7228.13400390625,7737.270998982988,-1,0.0,0.005965532813735797,-0.005965532813735797,0.8457198454714939,0.7360285471607653
2020-08-31,6969.5,7198.2998046875,6960.0,7174.2998046875,205260600,-0.023188417108097072,0.012159142720607847,41.700730538587194,-40.58317946381703,3.2470661916734684,-43.8302456554905,7220.61,7985.9099951171875,7220.61,7732.754698988971,-1,0.0,-0.022921631851955726,0.022921631851955726,0.8651051244192844,0.7191575717702163
2020-09-01,6956.89990234375,7042.0,6903.0,7038.5,226079800,-0.001809527398716301,0.012060661216084739,41.14486951099344,-47.474530675561255,-2.9154280160566017,-44.55910265950465,7210.98,7974.404494628906,7210.98,7728.21753643549,-1,0.0,-0.0018078911910826,0.0018078911910826,0.8666691403530825,0.7178574131312127
2020-09-02,6996.89990234375,7046.10009765625,6963.89990234375,6973.10009765625,208505300,0.005733221076108957,0.01212305037126967,43.71008537039514,-49.14183398190744,-3.6661850579222275,-45.47564892398521,7207.0079980468745,7963.092993164062,7207.007998046875,7723.965689725654,-1,0.0,0.005749687441459983,-0.005749687441459983,0.8616860636808935,0.7219848688842522
2020-09-03,7006.0,7159.60009765625,6971.2001953125,7065.2001953125,246671100,0.0012997449100983888,0.011825413323559016,44.30482639445626,-49.16217112989216,-2.949217764725553,-46.212953365166605,7201.722001953125,7951.995991210937,7201.722001953125,7719.815599033598,-1,0.0,0.0013005899445841518,-0.0013005899445841518,0.8605653634510818,0.7229238751448649
2020-09-04,6989.7001953125,7133.39990234375,6954.7001953125,7015.7001953125,462539100,-0.002329259962633783,0.01183672327265181,43.41989998543997,-49.91812145019412,-2.96413446802201,-46.95398698217211,7197.9480078125,7940.874492187499,7197.9480078125,7715.619533494972,-1,0.0,-0.0023265493416357863,0.0023265493416357863,0.8625675112308535,0.7212419570790938
2020-09-07,7080.7001953125,7098.0,7013.0,7032.7998046875,257575100,0.012935135645926101,0.011725292103439486,49.48602476002788,-42.68226347948894,3.417378802146537,-46.099642281635475,7194.000009765625,7930.004492187498,7194.000009765625,7711.991422991071,-1,0.0,0.013019156395438491,-0.013019156395438491,0.8513376099005149,0.7306319189172586
2020-09-08,6955.0,7102.60009765625,6899.0,7087.89990234375,246699200,-0.017911975083181115,0.01021391215273297,42.67921930166906,-46.554102433586195,-0.3635681215605757,-46.19053431202562,7188.472011718751,7918.179990234374,7188.47201171875,7707.69033536044,-1,0.0,-0.017752509193330157,0.017752509193330157,0.8664509886469015,0.7176613690597395
2020-09-09,7020.89990234375,7038.60009765625,6938.89990234375,6946.39990234375,202896600,0.009430575663579981,0.010441518515140857,46.809930482440485,-43.80009114303721,1.9123545351907296,-45.71244567822794,7184.342011718751,7906.660490722655,7184.34201171875,7703.810163422493,-1,0.0,0.009475183658339326,-0.009475183658339326,0.8582412063985224,0.7244613423360758
2020-09-10,6999.2001953125,7050.89990234375,6967.39990234375,7020.60009765625,211096000,-0.0030955163240940354,0.01039629236555118,45.6435351058446,-42.87427441198906,2.270537012991106,-45.14481142498017,7174.354013671875,7894.8429907226555,7174.354013671875,7699.851680455583,-1,0.0,-0.0030907301532679954,0.0030907301532679954,0.8608937983739153,0.7222222278204408
2020-09-11,6943.2001953125,7000.89990234375,6910.39990234375,6989.39990234375,209115200,-0.008033093236953696,0.010149051073456752,42.68738689932655,-46.127560170716606,-0.7861989965891496,-45.34136117412746,7165.148017578126,7882.7639916992175,7165.148017578125,7695.624577186627,-1,0.0,-0.008000914166950701,0.008000914166950701,0.8677817357615651,0.7164437897661855
2020-09-14,6951.10009765625,7005.7001953125,6935.0,6989.7998046875,199767400,0.0011371430051824213,0.010006187945919634,43.245809826108946,-47.520568938074575,-1.7433662111576922,-45.77720272691688,7153.046015625001,7870.7594921875,7153.046015625,7691.488330078125,-1,0.0,0.0011377897974313989,-0.0011377897974313989,0.8667943825562183,0.7172589522006145
2020-09-15,7036.0,7064.0,6954.7998046875,6958.89990234375,204185200,0.012139892392190786,0.010325719726316423,48.997252005090004,-41.29777084589841,3.5835455048147793,-44.88131635071319,7144.818017578125,7860.157993164063,7144.818017578125,7687.866847591506,-1,0.0,0.012213879983166365,-0.012213879983166365,0.8562074599975938,0.7260194669596445
2020-09-16,7110.7998046875,7110.7998046875,7020.7001953125,7048.2998046875,239805900,0.010574900724059257,0.010477444933916854,53.471084443178874,-29.98479338156085,11.917218375321873,-41.90201175688272,7140.506015624999,7850.033491210938,7140.506015625,7684.696149553572,-1,0.0,0.010631012604818135,-0.010631012604818135,0.84710510769802,0.7337377890642358
2020-09-17,7086.2001953125,7101.7998046875,7013.7998046875,7027.10009765625,214242300,-0.0034654693236646126,0.00995707130001932,51.85995403063227,-22.74200445358656,15.328005842636927,-38.07001029622349,7137.492021484374,7839.110493164063,7137.492021484375,7681.425679858265,-1,0.0,-0.0034594715152553857,0.0034594715152553857,0.8500356436885287,0.7311994440833016
2020-09-18,6929.7998046875,7075.2998046875,6923.60009765625,7073.7998046875,975212000,-0.022318333703648916,0.01120418695911876,42.99081119019708,-29.284671019093366,7.028271421704098,-36.312942440797464,7129.666015625,7827.542490234376,7129.666015625,7677.340756623641,-1,0.0,-0.02207112222548535,0.02207112222548535,0.8687968842763972,0.7150610517817322
2020-09-21,6692.2998046875,6892.89990234375,6678.7998046875,6892.89990234375,384701000,-0.03487334198961883,0.01276646058258846,33.59499407806502,-53.02283233373055,-13.367911914346465,-39.654920419384084,7114.974013671876,7814.090488281251,7114.974013671875,7672.0162109375,-1,0.0,-0.03427227433602753,0.03427227433602753,0.8985725294366039,0.6905542832480602
2020-09-22,6648.60009765625,6758.0,6645.60009765625,6752.89990234375,286493700,-0.006551261705998332,0.012770255027541597,32.20048630212886,-74.50287458178082,-27.878363329917384,-46.62451125186343,7100.906015625001,7800.560490722656,7100.906015625,7666.513973769322,-1,0.0,-0.0065298489766763,0.0065298489766763,0.904440072348415,0.6860450680682535
2020-09-23,6654.2001953125,6781.10009765625,6654.2001953125,6717.7998046875,294826200,0.0008419427284075122,0.012746194615057979,32.58666997651346,-90.03620046642936,-34.72935137165275,-55.30684909477662,7084.238017578125,7787.225993652344,7084.238017578125,7661.100531103777,-1,0.0,0.000842297261678393,-0.000842297261678393,0.9036782649521237,0.6866229219504754
2020-09-24,6643.39990234375,6705.7001953125,6562.60009765625,6577.60009765625,285830200,-0.001624397675414984,0.012749165430815432,32.20567057185504,-102.04169339958389,-37.387875443845815,-64.65381795573808,7067.612011718749,7773.480493164063,7067.61201171875,7655.687229886968,-1,0.0,-0.0016230790555953334,0.0016230790555953334,0.9051450062169641,0.6855084786667659
2020-09-25,6628.2998046875,6681.89990234375,6552.2998046875,6647.39990234375,263364400,-0.002275534333256917,0.012567962860102203,31.64852751009697,-111.48940427535126,-37.46846905569055,-74.02093521966071,7051.370009765626,7759.279492187499,7051.370009765625,7650.251317584325,-1,0.0,-0.00227294726769689,0.00227294726769689,0.9072023530857144,0.6839503540431973
2020-09-28,6791.5,6798.89990234375,6681.39990234375,6709.2001953125,212053800,0.024323498684232687,0.013160627723928639,43.104630384759176,-104.60210343485232,-24.464934572153282,-80.13716886269904,7037.640009765625,7745.418491210937,7037.640009765625,7645.731573807566,-1,0.0,0.024621728063218606,-0.024621728063218606,0.8848654634497259,0.7007903936691909
2020-09-29,6713.60009765625,6790.7001953125,6713.60009765625,6769.5,198774100,-0.011536495954588796,0.013358932936740309,39.68545544922207,-104.22826047402123,-19.272873289057742,-84.95538718496348,7022.02201171875,7730.583493652343,7022.02201171875,7640.85130429892,-1,0.0,-0.011470205748914108,0.011470205748914108,0.8950150523756024,0.6927521836669428
2020-09-30,6716.60009765625,6771.10009765625,6639.7001953125,6663.60009765625,247927500,0.00044675433072751726,0.01325434194898038,39.88322621102999,-102.50826088392296,-14.042298959167582,-88.46596192475538,7008.552011718751,7716.086992187499,7008.55201171875,7636.037495930989,-1,0.0,0.00044685414030642967,-0.00044685414030642967,0.8946151111938118,0.6930617428484207
2020-10-01,6730.7001953125,6800.7998046875,6701.2001953125,6789.10009765625,227516000,0.0020970904964560284,0.013266123552178466,40.864685953636,-98.86770343324497,-8.321393206791669,-90.5463102264533,6995.468017578126,7701.6314941406235,6995.468017578125,7631.346629088407,-1,0.0,0.002099290928630815,-0.002099290928630815,0.8927370538062666,0.6945166810781634
2020-10-02,6754.5,6754.5,6648.89990234375,6675.39990234375,227139400,0.0035297702745957986,0.013323140916540289,42.569036342590806,-92.99015743917334,-1.9550777701760325,-91.03507966899731,6984.664013671876,7687.317993164062,6984.664013671875,7626.826801103415,-1,0.0,0.0035360072498957784,-0.0035360072498957784,0.889580329111757,0.6969724970976294
2020-10-05,6837.89990234375,6851.0,6794.10009765625,6814.5,237493400,0.01227170324185122,0.01328552775928912,48.20275868608503,-80.67254192990913,8.29003019127056,-88.96257212117969,6978.010009765626,7673.129992675781,6978.010009765625,7622.781022135417,-1,0.0,0.012347309548264018,-0.012347309548264018,0.8785964054201676,0.7055782322659204
2020-10-06,6936.2001953125,6975.39990234375,6838.7998046875,6860.10009765625,265233500,0.014273449614934515,0.013172936776260845,53.93816892470663,-62.26102444873504,21.361238137955723,-83.62226258669077,6971.806015625001,7659.512995605469,6971.806015625,7619.278058733259,-1,0.0,0.014375801689500811,-0.014375801689500811,0.865965877730739,0.7157214850094038
2020-10-07,6910.10009765625,6952.60009765625,6887.10009765625,6920.2001953125,207416200,-0.0037699786970993928,0.012997955767703434,52.28282253504342,-49.20857809334302,27.530947594678196,-76.73952568802122,6965.8840136718745,7645.754497070313,6965.884013671875,7615.678170605965,-1,0.0,-0.0037628812492881414,0.0037628812492881414,0.8692244044945754,0.7130283100537492
2020-10-08,6992.7998046875,7018.7998046875,6951.7001953125,6953.2001953125,202093000,0.011896896766341175,0.013287418633620984,56.806179182186376,-31.82439331561909,35.9321058979217,-67.75649921354079,6965.808007812499,7632.21599609375,6965.8080078125,7612.532320273043,-1,0.0,0.011967946319518585,-0.011967946319518585,0.8588215734819687,0.7215617945927696
2020-10-09,6950.89990234375,7024.60009765625,6936.7001953125,6992.89990234375,182746300,-0.0060098868074232,0.013230990266424693,54.01251495111346,-21.18407673011552,37.257937986740224,-58.442014716855745,6967.2780078125,7618.907497558594,6967.2780078125,7609.207534253298,-1,0.0,-0.005991863561668587,0.005991863561668587,0.8639675151740903,0.717238294768257
2020-10-12,6951.0,6979.89990234375,6924.7998046875,6968.7998046875,167258200,1.4400572145510639e-05,0.013228540694221889,54.01833275293918,-12.598247378808082,36.675013870438136,-49.27326124924622,6966.7980078125,7605.916496582031,6966.7980078125,7605.916496582031,-1,0.0,1.4400675834247423e-05,-1.4400675834247423e-05,0.863955073457973,0.7172486234844359
2020-10-13,6875.2001953125,6960.60009765625,6854.60009765625,6945.2001953125,205874300,-0.01096477167149118,0.013120927785221882,48.96651872931848,-11.774596296544587,29.998931962161308,-41.773528258705895,6963.870009765626,7591.836496582032,6963.870009765625,7591.836496582031,-1,0.0,-0.010904877670479096,0.010904877670479096,0.8733763978468219,0.7094271149860185
2020-10-14,6916.60009765625,6946.7998046875,6846.5,6880.39990234375,178694400,0.006003571080183795,0.012944450495857816,51.62737692300793,-7.692545873655035,27.264785908040686,-34.95733178169572,6961.4080078125,7578.186499023438,6961.4080078125,7578.186499023437,-1,0.0,0.006021628631552645,-0.006021628631552645,0.8681172495234252,0.7136990216136181
2020-10-15,6816.7998046875,6842.2998046875,6763.0,6840.2001953125,237247000,-0.014534208647072834,0.013270615129979076,45.47233551818974,-12.367970811934356,18.071488775809094,-30.43945958774345,6958.586005859374,7564.26599609375,6958.586005859375,7564.26599609375,-1,0.0,-0.01442909689148697,0.01442909689148697,0.8806433974299699,0.7034009892793958
2020-10-16,6849.7001953125,6877.0,6784.60009765625,6851.89990234375,234162000,0.004814759328693282,0.01243827806044761,47.68654273859257,-13.265574906745314,13.73910774479851,-27.004682651543824,6956.5700097656245,7550.615498046875,6956.570009765625,7550.615498046875,-1,0.0,0.004826368907353995,-0.004826368907353995,0.8763930875181473,0.7067958619434559
2020-10-19,6860.2001953125,6932.7998046875,6816.39990234375,6882.10009765625,173622600,0.0015317400934771594,0.009463945162005563,48.40660230342456,-12.980044497759991,11.219710523027068,-24.19975502078706,6952.696015625001,7536.959497070312,6952.696015625,7536.959497070313,-1,0.0,0.001532913806532088,-0.001532913806532088,0.8750496524543414,0.7078793190786288
2020-10-20,6927.2998046875,6972.10009765625,6826.7001953125,6834.7998046875,221477800,0.009733474397607874,0.009458966087483702,52.87095987552059,-7.255742210119024,13.55521024853443,-20.810952458653453,6945.97201171875,7523.686997070313,6945.97201171875,7523.686997070313,-1,0.0,0.009780998726662382,-0.009780998726662382,0.8664907929179191,0.7148030857971674
2020-10-21,6811.5,6962.2001953125,6806.10009765625,6961.5,207333200,-0.01685773847576838,0.010363043828186425,45.54625640324277,-11.925794726667846,7.108126185588485,-19.03392091225633,6936.282011718749,7509.876499023438,6936.28201171875,7509.876499023438,-1,0.0,-0.01671644189690502,0.01671644189690502,0.8809754359119346,0.7028541215457107
2020-10-22,6796.60009765625,6839.5,6709.2998046875,6775.2001953125,212045300,-0.0021898587152023694,0.010371831399530412,44.688374146601376,-16.637357486693872,1.917250740449969,-18.55460822714384,6927.204013671874,7496.139997558594,6927.204013671875,7496.139997558594,-1,0.0,-0.0021874627238860356,0.0021874627238860356,0.8829025368386513,0.7013166543544997
2020-10-23,6893.39990234375,6902.0,6791.89990234375,6802.10009765625,221927800,0.014141916429830492,0.010730753656381686,51.12865795991009,-12.41723155453019,4.909901338090922,-17.327132892621112,6921.986015625001,7482.965498046874,6921.986015625,7482.965498046875,-1,0.0,0.014242386383874539,-0.014242386383874539,0.8703278977696922,0.7113050771232627
2020-10-26,6796.89990234375,6904.2001953125,6789.7001953125,6797.89990234375,195991200,-0.014097806423202547,0.009925542413627168,45.4475089380344,-16.667363869163637,0.5278152187659799,-17.195179087929617,6916.12201171875,7469.391496582031,6916.12201171875,7469.391496582031,-1,0.0,-0.013998897694472934,0.013998897694472934,0.8825115289712159,0.701347590119055
2020-10-27,6651.2998046875,6846.7001953125,6647.0,6845.2001953125,273169200,-0.02165431659582781,0.010768657666638232,38.49698501742628,-31.422120750709837,-11.381553330224175,-20.04056742048566,6908.278007812501,7454.785495605469,6908.2780078125,7454.785495605469,-1,0.0,-0.021421545079109316,0.021421545079109316,0.9014162894719064,0.686323641101195
2020-10-28,6474.39990234375,6563.7998046875,6423.2998046875,6560.7998046875,323758000,-0.02695637080366528,0.012283209557105474,32.078012439942086,-56.73570173375083,-29.356107450612132,-27.379594283138697,6895.880009765626,7438.7509960937505,6895.880009765625,7438.75099609375,-1,0.0,-0.026596290580538806,0.026596290580538806,0.9253906190407324,0.6680699781101742
2020-10-29,6411.7998046875,6514.0,6329.5,6467.7001953125,298195700,-0.0097159118323929,0.012367841746175083,30.16144939128786,-80.91545870747268,-42.82869153946719,-38.086767168005494,6884.250009765626,7422.515996093752,6884.250009765625,7422.51599609375,-1,0.0,-0.009668864852414916,0.009668864852414916,0.93433809587193,0.6616104997798712
2020-10-30,6452.2001953125,6461.60009765625,6345.2998046875,6351.39990234375,260708300,0.006281175909806031,0.012452598871437359,32.94587977979401,-95.71477607340967,-46.102407124323335,-49.61236894908633,6873.65201171875,7406.720498046876,6873.65201171875,7406.720498046875,-1,0.0,0.006300943862199926,-0.006300943862199926,0.9284508839815262,0.6657792703976262
2020-11-02,6585.60009765625,6590.7001953125,6396.2998046875,6481.39990234375,222245200,0.020464273852969676,0.0130759421403978,41.271971651637294,-95.57732851134006,-36.771967649802974,-58.80536086153708,6863.18201171875,7391.779997558595,6863.18201171875,7391.779997558594,-1,0.0,0.02067510280301965,-0.02067510280301965,0.9092550665076536,0.6795443252572165
2020-11-03,6751.60009765625,6760.7998046875,6608.7001953125,6636.10009765625,281852500,0.02489406625050586,0.013952733557311267,49.65017596160749,-81.13827610788121,-17.8663321970753,-63.27194391080591,6856.046015624999,7377.9454980468745,6856.046015625,7377.945498046875,-1,0.0,0.025206510802117776,-0.025206510802117776,0.8863359188518481,0.6966732666323304
2020-11-04,6781.89990234375,6790.7998046875,6563.7001953125,6616.7001953125,274816200,0.00447775598539336,0.013999212227020167,51.0236128133632,-66.48389705764566,-2.5695625174717946,-63.91433454017387,6849.224013671875,7364.044997558593,6849.224013671875,7364.044997558593,-1,0.0,0.004487796114882148,-0.004487796114882148,0.8823582239587443,0.6997997942116653
2020-11-05,6924.2001953125,6948.2998046875,6814.2001953125,6833.5,255824700,0.02076526585938494,0.014556453233205851,56.96133866618043,-42.89330437909757,16.816824128861043,-59.710128507958615,6845.894013671875,7351.8344995117195,6845.894013671875,7351.834499511719,-1,0.0,0.020982364089386252,-0.020982364089386252,0.8638442624463777,0.714483248283492
2020-11-06,6870.39990234375,6940.39990234375,6829.39990234375,6890.60009765625,206308100,-0.00780023565330918,0.014597613256900408,54.2818521016984,-28.2135949745616,25.197226826717618,-53.41082180127922,6840.64201171875,7338.765498046875,6840.64201171875,7338.765498046875,-1,0.0,-0.007769892760346675,0.007769892760346675,0.8705562397272268,0.7089317900652651
2020-11-09,7459.39990234375,7535.2998046875,6945.7998046875,6972.2998046875,751200600,0.08225265444669215,0.02358841847089028,70.59186289639925,30.594879287961703,67.20456087139274,-36.60968158343104,6850.440009765624,7328.328996582031,6850.440009765625,7328.328996582031,-1,0.0,0.08573008971414753,-0.08573008971414753,0.7959233751942008,0.7697085760287714
2020-11-10,7711.39990234375,7720.2998046875,7439.5,7447.10009765625,705610500,0.03322477185288565,0.024220422224582188,74.74341241380904,96.42379924534634,106.4267846630219,-10.002985417675564,6865.5300097656245,7319.496494140624,6865.530009765625,7319.496494140625,-1,0.0,0.03378287842173755,-0.03378287842173755,0.769034792576996,0.7957115472729201
2020-11-11,7793.7001953125,7804.60009765625,7675.7998046875,7733.7998046875,401246900,0.010615999301136225,0.024245021271721887,75.93810995414994,153.46558270524565,130.77485449833696,22.69072820690868,6881.466015625,7311.625493164062,6881.466015625,7311.625493164062,-1,0.0,0.010672548954922645,-0.010672548954922645,0.7608272311051792,0.8042038177151877
2020-11-12,7726.0,7773.2998046875,7688.0,7721.7001953125,309657400,-0.008724475844893316,0.024020191576176738,72.88397265356257,191.00695778188765,134.6529836599832,56.35397412190447,6895.866015625001,7303.2319921875005,6895.866015625,7303.2319921875,-1,0.0,-0.00868652804392167,0.00868652804392167,0.7674361781847536,0.7972180786995758
2020-11-13,7783.7001953125,7823.10009765625,7686.2001953125,7698.60009765625,297808600,0.0074405643933125485,0.02401905212388752,73.8493204238225,222.84586314855187,133.19351122131792,89.65235192723395,6911.746015625,7294.335991210938,6911.746015625,7294.335991210937,-1,0.0,0.007468314174540414,-0.007468314174540414,0.7617047236971614,0.8031719537769277
2020-11-16,7986.2001953125,8102.39990234375,7879.0,7905.89990234375,601880600,0.025683247972981885,0.024366477533258615,76.95065581607773,261.40516663356175,137.40225176506223,124.00291486849952,6929.856015625,7285.677993164063,6929.856015625,7285.677993164062,-1,0.0,0.02601590437950696,-0.02601590437950696,0.7418882864400372,0.8240671985266901
2020-11-17,7934.2998046875,7979.0,7835.7998046875,7979.0,428970100,-0.00651996790074729,0.0245617989215241,74.51160985069626,284.4962687826883,128.394683131351,156.10158565133727,6949.442011718749,7276.292993164063,6949.44201171875,7276.292993164063,-1,0.0,-0.006498759028788603,0.006498759028788603,0.7467096396398919,0.8187117843799362
2020-11-18,7981.5,7994.2998046875,7888.7001953125,7914.10009765625,296385800,0.005931255012759658,0.023927613700195256,75.27902626688854,303.11072315484944,117.60731000280973,185.5034131520397,6968.654013671875,7267.145493164064,6968.654013671875,7267.145493164063,-1,0.0,0.0059488797341151756,-0.0059488797341151756,0.7422675537973698,0.8235822023221153
2020-11-19,7930.2001953125,7978.7998046875,7863.89990234375,7907.2001953125,261607300,-0.006448083083767815,0.02404103699937301,72.716443461554,310.1481520109037,99.71579108709116,210.43236092381252,6987.274013671876,7257.716494140626,6987.274013671875,7257.716494140625,-1,0.0,-0.006427338806928473,0.006427338806928473,0.7470383588510154,0.8182887604724348
2020-11-20,7977.89990234375,8001.10009765625,7920.0,7938.7998046875,232651500,0.005996926055390318,0.023995340778133294,73.61580126616626,315.9324600571899,84.40007930670191,231.53238075048802,7007.968007812499,7248.19299560547,7007.9680078125,7248.192995605469,-1,0.0,0.006014943615098689,-0.006014943615098689,0.7425449652442108,0.8232107212275455
2020-11-23,7981.2001953125,8067.2998046875,7972.2001953125,8029.10009765625,278313000,0.0004135938737899532,0.023528949542391434,73.68044575733025,317.12722665441197,68.47587672313915,248.65134993127282,7028.570009765625,7238.396994628907,7028.570009765625,7238.396994628906,-1,0.0,0.0004136794155289447,-0.0004136794155289447,0.7422377896769846,0.8235512665575601
2020-11-24,8143.2001953125,8143.2001953125,8045.2998046875,8052.39990234375,351639600,0.02009444657291929,0.02258990166364951,76.69844864956005,327.372388784378,62.976831082484125,264.3955577018939,7050.714013671876,7229.563996582032,7050.714013671875,7229.563996582031,-1,0.0,0.02029769909732937,-0.02029769909732937,0.7271720703634543,0.8402674623573699
2020-11-25,8164.7001953125,8199.900390625,8084.39990234375,8172.39990234375,294450000,0.0026367603359816944,0.020942790973120406,77.07417718727042,333.38358545276424,55.190422200696275,278.19316325206796,7071.792021484375,7220.603498535156,7071.792021484375,7220.603498535156,-1,0.0,0.0026402396458797828,-0.0026402396458797828,0.7252521618339043,0.8424859698246286
2020-11-26,8104.60009765625,8184.89990234375,8086.7001953125,8184.7998046875,218317400,-0.007388193709145545,0.020824239710668505,73.50610088030841,329.49965954854815,41.04519703718415,288.454462511364,7092.160019531249,7211.015498046876,7092.16001953125,7211.015498046875,-1,0.0,-0.007360968096630782,0.007360968096630782,0.7305907198591761,0.8362844574788905
2020-11-27,8190.7001953125,8190.7001953125,8054.39990234375,8069.10009765625,415126100,0.010567574376165605,0.02078740158182777,75.27223336928763,329.5700996412015,32.89250970387002,296.6775899373315,7117.37802734375,7201.9400000000005,7117.37802734375,7201.94,-1,0.0,0.01062360839755061,-0.01062360839755061,0.7228292101525077,0.8451688160641042
2020-11-30,8076.89990234375,8165.2001953125,8075.39990234375,8130.60009765625,544905000,-0.013991264685490808,0.02145969176044568,68.74892742088879,316.79141708789575,16.091061720451364,300.7003553674444,7145.070029296875,7191.906501464844,7145.070029296875,7191.906501464844,-1,0.0,-0.013893841827329667,0.013893841827329667,0.7328720848665402,0.833426174216318
2020-12-01,8140.7998046875,8176.39990234375,8100.2001953125,8112.7001953125,284946100,0.007880307833510064,0.021182229048471,70.30509507024664,308.26689827055816,6.053234322490994,302.21366394806716,7174.914023437501,7182.95550048828,7174.9140234375,7182.955500488281,-1,0.0,0.00791143918042203,-0.00791143918042203,0.7270740119400895,0.8400197747050022
2020-12-02,8220.7998046875,8226.2001953125,8104.2001953125,8111.10009765625,310837500,0.009779072883345062,0.021151125554977314,72.17331259006951,304.4568975074517,1.7945868475076168,302.66231065994407,7206.246015625,7174.628498535155,7206.246015625,7174.628498535156,1,2.0,0.009827044260925843,-0.009827044260925843,0.7199290234437853,0.8482746862110813
2020-12-03,8200.7001953125,8223.400390625,8154.7998046875,8208.099609375,233469300,-0.002447963878121561,0.021144281242059675,70.96529344315344,296.3988722584945,-5.0107507211596385,301.40962297965416,7237.392021484375,7168.214499511717,7237.392021484375,7168.214499511719,1,0.0,-0.0024449700579667333,-0.0024449700579667333,0.718168818537604,0.846200680002364
2020-12-04,8322.900390625,8322.900390625,8197.0,8201.2001953125,352968100,0.014791258430091483,0.02083103649147376,73.8329129400513,296.45600341590944,-3.96289565099579,300.4188990669052,7271.284033203125,7163.575002441406,7271.284033203125,7163.5750024414065,1,0.0,0.014901190435220313,0.014901190435220313,0.72887038886727,0.8588100774814922
2020-12-07,8275.599609375,8296.400390625,8225.5,8283.2998046875,228160200,-0.005699419741629977,0.012164951594122831,70.91338008429433,289.34906660572597,-8.85586596894342,298.2049325746694,7300.966025390625,7158.369001464845,7300.966025390625,7158.369001464844,1,0.0,-0.005683208861093636,-0.005683208861093636,0.7247280662146707,0.8539292804391528
2020-12-08,8227.599609375,8273.599609375,8206.2998046875,8262.400390625,202823300,-0.0058170703409576785,0.010439981202234428,67.97589347483698,276.65446863073066,-17.240371155150967,293.89483978588163,7331.246015625001,7154.577497558594,7331.246015625,7154.577497558594,1,0.0,-0.00580018394626336,-0.00580018394626336,0.7205245101196058,0.8489763335355054
2020-12-09,8235.2998046875,8292.599609375,8223.099609375,8262.2001953125,212038900,0.0009354604775692947,0.010303513910246018,68.20344146983992,264.17006165381736,-23.779822505651396,287.94988415946875,7361.620009765626,7152.137995605469,7361.620009765625,7152.137995605469,1,0.0,0.0009358981571885305,0.0009358981571885305,0.721198847680836,0.8497708889215579
2020-12-10,8182.2998046875,8284.2998046875,8124.89990234375,8260.2998046875,272111500,-0.00645650830526769,0.010182282685552022,64.79096808796865,247.15042585533683,-32.63956664330556,279.7899924986424,7390.652001953125,7149.341994628906,7390.652001953125,7149.341994628906,1,0.0,-0.006435709841411286,-0.006435709841411286,0.716557421159202,0.8443020100487807
2020-12-11,8063.10009765625,8151.39990234375,7978.10009765625,8147.7998046875,269809400,-0.014675150747661736,0.010839367650737607,57.78796401870383,221.49061575596897,-46.63950139413873,268.1301171501077,7416.82400390625,7145.599497070312,7416.82400390625,7145.599497070312,1,0.0,-0.01456799553628707,-0.01456799553628707,0.7061186158462613,0.8320022221351119
2020-12-14,8140.7998046875,8222.5,8140.5,8160.2001953125,225309600,0.00959032122263279,0.009482659017538154,60.76492583437182,205.0609335808258,-50.455346855425546,255.51628043625135,7442.882001953125,7141.753496093749,7442.882001953125,7141.75349609375,1,0.0,0.00963645571680738,0.00963645571680738,0.7129230966186771,0.8400197747050022
2020-12-15,8152.39990234375,8166.60009765625,8099.7001953125,8153.2001953125,213877000,0.0014239191595033327,0.009317857274763197,61.204813471306096,190.77716264603077,-51.79129423217648,242.56845687820726,7467.205996093751,7139.100495605468,7467.20599609375,7139.1004956054685,1,0.0,0.00142493341373795,0.00142493341373795,0.7139389645604747,0.84121674695018
2020-12-16,8139.5,8209.7001953125,8104.39990234375,8166.39990234375,218432700,-0.001583597384825332,0.009275063826987201,60.3939086608179,176.38302326347366,-52.94834689178691,229.33137015526057,7491.793994140625,7137.919997558593,7491.793994140625,7137.919997558593,1,0.0,-0.0015823441561105822,-0.0015823441561105822,0.7128092674120827,0.8398856525466211
2020-12-17,8153.39990234375,8180.7998046875,8110.5,8164.60009765625,193099700,0.0017062531285769243,0.009109086810495737,60.99360326545384,164.20432480868203,-52.10163627726283,216.30596108594486,7515.00599609375,7140.1434960937495,7515.00599609375,7140.14349609375,1,0.0,0.0017077096067019681,0.0017077096067019681,0.7140265386457886,0.8413199333440061
2020-12-18,8037.39990234375,8159.39990234375,8036.7001953125,8114.2998046875,355173100,-0.014329370538520632,0.009683580114297902,53.68770056482141,143.53777388474282,-58.21454976096166,201.75232364570448,7536.73599609375,7143.022995605468,7536.73599609375,7143.022995605469,1,0.0,-0.014227193733825638,-0.014227193733825638,0.703867944749382,0.8293503116601917
2020-12-21,7789.7998046875,7872.2998046875,7663.5,7860.89990234375,339116800,-0.03129047511721003,0.011995362282884597,42.09682086053302,105.95869885910997,-76.63489982927561,182.59359868838558,7553.5119921875,7144.789995117187,7553.5119921875,7144.789995117188,1,0.0,-0.030805994558519956,-0.030805994558519956,0.6821845926735158,0.803801350472081
2020-12-22,7934.2001953125,7942.39990234375,7818.0,7822.0,187112500,0.018367393817399543,0.011839093717484196,49.010715437000414,86.82801655145977,-76.61246570954066,163.44048226100043,7574.6919921875,7152.506496582031,7574.6919921875,7152.506496582031,1,0.0,0.018537111895752023,0.018537111895752023,0.6948303248014628,0.8187015060477386
2020-12-23,8073.60009765625,8084.2001953125,7940.0,7948.7998046875,183108500,0.017416937203678512,0.012538409745247548,54.6413719971141,81.97031730591789,-65.17613196406603,147.14644926998392,7597.831992187499,7159.72649658203,7597.8319921875,7159.726496582031,1,0.0,0.01756949647251238,0.01756949647251238,0.7070381437420568,0.833085679270285
2020-12-24,8111.5,8112.39990234375,8073.2998046875,8101.2001953125,83708200,0.004683316307964651,0.012482892492347766,56.062001072191485,80.25364694659402,-53.51424185871193,133.76788880530594,7623.72599609375,7169.747995605469,7623.72599609375,7169.7479956054685,1,0.0,0.0046943001740638035,0.0046943001740638035,0.7103571930232948,0.8369964335194936
2020-12-28,8155.60009765625,8192.099609375,8122.2001953125,8179.2998046875,147457600,0.005422011966499925,0.012306327263912462,57.72131443087831,81.51206232487039,-41.80466118434846,123.31672350921885,7649.843994140626,7178.033496093751,7649.843994140625,7178.03349609375,1,0.0,0.0054367376756765395,0.0054367376756765395,0.7142192187377924,0.8415469635640159
2020-12-29,8174.7998046875,8225.7998046875,8167.0,8203.2001953125,143794800,0.002351407925405429,0.011878565571119689,58.45688929903242,83.10068846903414,-32.17282803214776,115.2735165011819,7676.135986328126,7187.53349609375,7676.135986328125,7187.53349609375,1,0.0,0.0023541746531647867,0.0023541746531647867,0.715900615519348,0.8435281120950862
2020-12-30,8154.39990234375,8194.2001953125,8149.7998046875,8174.2001953125,129930500,-0.0024985808640523507,0.011770096503048931,57.31585589708703,81.770979552065,-26.80202955929353,108.57300911135853,7700.677988281251,7196.326496582032,7700.67798828125,7196.326496582031,1,0.0,-0.0024954620089965296,-0.0024954620089965296,0.7141141127311023,0.8414231197378323
2020-12-31,8073.7001953125,8129.7998046875,8073.7001953125,8116.89990234375,82261100,-0.009945757268718498,0.011741279264389217,52.91562805395832,73.35973833482967,-28.17061662122309,101.53035495605276,7725.9219921875,7204.478498535156,7725.9219921875,7204.478498535156,1,0.0,-0.009896461787219368,-0.009896461787219368,0.7070469097027449,0.833096007986464
